code,name,city_id,city_name,city_longitude,city_latitude,polygon,latitude,longitude,altitude,polygon_type,polygon_features
C1,Exploratório,CO,Coimbra,-8.4103,40.2033,,40.19787,-8.42865,20.0,,
C2,Estação Cbr-B,CO,Coimbra,-8.4103,40.2033,,40.22483,-8.44135,14.0,,
C3,Vale das Flores,CO,Coimbra,-8.4103,40.2033,,40.19307,-8.41945,22.0,,
C4,Eiras,CO,Coimbra,-8.4103,40.2033,,40.25289,-8.43659,17.0,,
C5,Mina Hospital,CO,Coimbra,-8.4103,40.2033,,40.2186,-8.42733,27.0,,
C6,Casa do Sal,CO,Coimbra,-8.4103,40.2033,,40.21942,-8.43772,16.0,,
C7,São Romão,CO,Coimbra,-8.4103,40.2033,,40.22243,-8.40165,53.0,,
C8,Covões,CO,Coimbra,-8.4103,40.2033,,40.19133,-8.46002,77.0,,
C9,Fornos,CO,Coimbra,-8.4103,40.2033,,40.27702,-8.4272,19.0,,
C10,Arregaça,CO,Coimbra,-8.4103,40.2033,,40.19776,-8.41773,23.0,,
C11,Bairro São Miguel,CO,Coimbra,-8.4103,40.2033,,40.22752,-8.43757,20.0,,
C12,Escola Agrária,CO,Coimbra,-8.4103,40.2033,,40.20386,-8.45302,42.0,,
C13,Condeixa,CO,Coimbra,-8.4103,40.2033,,40.11106,-8.49052,106.0,,
C14,Antanhol,CO,Coimbra,-8.4103,40.2033,,40.16719,-8.47817,68.0,,
C15,Copeira,CO,Coimbra,-8.4103,40.2033,,40.17943,-8.42117,25.0,,
C16,Rio Velho,CO,Coimbra,-8.4103,40.2033,,40.22461,-8.44304,15.0,,
C17,Conraria,CO,Coimbra,-8.4103,40.2033,,40.17422,-8.39363,27.0,,
C18,Ponte da Espertina,CO,Coimbra,-8.4103,40.2033,,40.25621,-8.45312,14.0,,
C19,Escravote,CO,Coimbra,-8.4103,40.2033,,40.24812,-8.41159,42.0,,
C20,Corujeira,CO,Coimbra,-8.4103,40.2033,,40.21085,-8.47667,14.0,,
T21,,TO,Toulouse,1.4442,43.6047,,43.59278,1.34767,162.0,,
T24,,TO,Toulouse,1.4442,43.6047,,43.59604,1.36671,148.0,,
G2,Zottegem1 (Zo1),GH,Ghent,3.7174,51.0543,,50.85943,3.79794,38.71,,
BN1,Capodimonte,BE,Benevento,14.7868,41.1291,,41.13231,14.80039,135.0,,
BN2,Cretarossa,BE,Benevento,14.7868,41.1291,,41.12679,14.80333,146.0,,
BN3,Ponticelli,BE,Benevento,14.7868,41.1291,,41.13348,14.78614,550.0,,
BN4,Serretelle 4,BE,Benevento,14.7868,41.1291,,41.12414,14.74864,130.0,,
BN5,Serretelle 5,BE,Benevento,14.7868,41.1291,,41.10429,14.74295,182.0,,
BN6,Pezzapiano,BE,Benevento,14.7868,41.1291,,41.14775,14.78437,127.0,,
BN7,Margiacca,BE,Benevento,14.7868,41.1291,,41.14905,14.81407,135.0,,
BN8,Paduli,BE,Benevento,14.7868,41.1291,,41.15405,14.8345,204.0,,
BN9,Vallone Cornacchie,BE,Benevento,14.7868,41.1291,,41.11089,14.8325,126.0,,
BN10,Malacagna,BE,Benevento,14.7868,41.1291,,41.14607,14.76353,120.0,,
BN11,Masseria Roseto,BE,Benevento,14.7868,41.1291,,41.16124,14.75972,153.0,,
BN12,Vallone S. Vitale,BE,Benevento,14.7868,41.1291,,41.13628,14.73193,130.0,,
BN13,Vallone la Ripa,BE,Benevento,14.7868,41.1291,,41.11727,14.73683,245.0,,
BN14,Rocca - Tufara,BE,Benevento,14.7868,41.1291,,41.06014,14.70843,,,
BN15,Corvo Tressanti,BE,Benevento,14.7868,41.1291,,41.06921,14.70959,148.0,,
BN16,Ranno,BE,Benevento,14.7868,41.1291,,41.06923,14.70876,146.0,,
BN17,Lossauro,BE,Benevento,14.7868,41.1291,,41.13221,14.7127,284.0,,
BN18,Jenga,BE,Benevento,14.7868,41.1291,,41.15126,14.70936,100.0,,
BN19,Foeniculum,BE,Benevento,14.7868,41.1291,,41.185791,14.719005,267.0,,
BN20,Lenta,BE,Benevento,14.7868,41.1291,,41.213825,14.68999,147.0,,
G6,Zwalm2 (Zw2),GH,Ghent,3.7174,51.0543,,50.87579,3.75151,18.9,,
T1,Ruisseau du Palays,TO,Toulouse,1.4442,43.6047,,43.55267,1.49147,130.0,,
T3,Ruisseau de Bonneval amont,TO,Toulouse,1.4442,43.6047,,43.52756,1.47439,208.0,,
G8,Zwalm4 (Zw4),GH,Ghent,3.7174,51.0543,,50.87971,3.73771,18.29,,
G9,Zwalm5 (Zw5),GH,Ghent,3.7174,51.0543,,50.87366,3.73125,20.12,,
G10,Zwalm6 (Zw6),GH,Ghent,3.7174,51.0543,,50.88344,3.71431,14.02,,
G22,Zwalm7 (Zw7),GH,Ghent,3.7174,51.0543,,50.88527,3.692821,12.19,,
G11,Zwalm8 (Zw8),GH,Ghent,3.7174,51.0543,,50.88437,3.68791,13.11,,
G12,Zwalm9 (Zw9),GH,Ghent,3.7174,51.0543,,50.88541,3.68606,11.89,,
G13,Merelbeke1 (Mr1),GH,Ghent,3.7174,51.0543,,50.97958,3.72241,4.88,,
G14,Merelbeke2 (Mr2),GH,Ghent,3.7174,51.0543,,50.99821,3.73925,28.04,,
G15,Melle1 (Ml1),GH,Ghent,3.7174,51.0543,,50.98975,3.80615,5.79,,
G16,Melle2 (Ml2),GH,Ghent,3.7174,51.0543,,50.99491,3.80568,5.79,,
G17,Gent1 (G1),GH,Ghent,3.7174,51.0543,,51.02678,3.77389,24.08,,
G18,Gent2 (G2),GH,Ghent,3.7174,51.0543,,51.05458,3.68126,20.12,,
O17,Alna – Bryn stasjon,OS,Oslo,10.7522,59.9139,,59.9078,10.8128,,FeatureCollection,"[{""geometry"": {""type"": ""Polygon"", ""coordinates"": [[[10.812483257141867, 59.90765144500058], [10.812552959670656, 59.90771196600303], [10.812570736235461, 59.907725458874104], [10.812591607816616, 59.90773778301761], [10.812823383805872, 59.90785904723973], [10.812846002829856, 59.9078695925848], [10.812870885794961, 59.9078787619566], [10.813266417444757, 59.90800760479245], [10.813289525926736, 59.908014335260425], [10.813313853705012, 59.9080198768971], [10.813339159076943, 59.9080241746448], [10.813543223515884, 59.908053227392536], [10.813568848366844, 59.908056201913226], [10.813594930339498, 59.90805790064584], [10.813621218247246, 59.90805830723037], [10.813647458920116, 59.908057417751074], [10.813673399643028, 59.90805524077427], [10.81369879058972, 59.908051797265614], [10.813723387228821, 59.90804712038833], [10.813746952678908, 59.90804125518379], [10.813769259989899, 59.90803425813774], [10.8137900943288, 59.9080261966362], [10.813809255048689, 59.90801714831655], [10.813826557621105, 59.90800720031988], [10.813841835413164, 59.90799644845155], [10.81385494129232, 59.9079849962587], [10.813865749043268, 59.90797295403284], [10.813874154583448, 59.907960437747846], [10.813880076965308, 59.907947567942834], [10.813883459155806, 59.90793446856143], [10.813884268585541, 59.907921265758056], [10.813882497462316, 59.90790808668304], [10.813878162846068, 59.90789505825801], [10.813871306484442, 59.90788230595354], [10.813861994410626, 59.907869952580995], [10.813850316307324, 59.90785811710962], [10.813836384642965, 59.907846913520835], [10.813820333588488, 59.90783644971071], [10.813802317725171, 59.90782682645069], [10.813782510555887, 59.90781813641726], [10.81376110283415, 59.90781046329945], [10.813738300727087, 59.90780388099282], [10.813714323829965, 59.90779845288793], [10.813689403051434, 59.90779423125978], [10.813524196572253, 59.907770710794594], [10.813188573512075, 59.90766138326583], [10.81300070723535, 59.90756309304265], [10.812913633217978, 59.907487489619356], [10.812899373775643, 59.907476401267274], [10.81288302040727, 59.90746606773497], [10.812864730391787, 59.90745658840422], [10.812844679633207, 59.907448054441566], [10.812823060968844, 59.907440547921425], [10.81259632396478, 59.90736981050796], [10.812573329373595, 59.907363399618724], [10.812549194389337, 59.90735815159648], [10.812524151443048, 59.90735411698197], [10.812498441709538, 59.90735133463025], [10.81247231278482, 59.90734983133657], [10.812446016301754, 59.90734962157825], [10.812419805506792, 59.90735070737529], [10.812393932821173, 59.907353078271015], [10.81236864741012, 59.907356711432634], [10.81234419278332, 59.90736157187117], [10.812320804449921, 59.90736761277844], [10.812298707650525, 59.907374775977836], [10.812278115188066, 59.9073829924845], [10.812259225378458, 59.90739218316972], [10.812242220140732, 59.90740225952297], [10.812227263245061, 59.90741312450416], [10.812214498735546, 59.90742467347839], [10.812204049542961, 59.907436795223326], [10.812196016300796, 59.907449373000546], [10.812190476376012, 59.90746228567964], [10.812187483123882, 59.90747540890482], [10.812187065374035, 59.90748861629245], [10.812189227152695, 59.90750178064821], [10.812193947643783, 59.907514775192055], [10.812201181389275, 59.90752747477924], [10.812210858726896, 59.90753975710535], [10.812222886460862, 59.90755150388443], [10.812237148759365, 59.90756260198791], [10.812253508269992, 59.907572944534344], [10.812271807442468, 59.907582431918605], [10.812291870045923, 59.90759097277125], [10.81231350286608, 59.90759848483841], [10.812483257141867, 59.90765144500058]]]}, ""properties"": {}, ""type"": ""Feature""}]"
G1,Oosterzele1 (O1),GH,Ghent,3.7174,51.0543,,50.94744,3.8168,54.86,,
G4,Zottegem3 (Zo3),GH,Ghent,3.7174,51.0543,,50.87507,3.80222,39.01,,
G21,Zottegem4 (Zo4),GH,Ghent,3.7174,51.0543,,50.89162,3.81558,48.46,,
G5,Zwalm1 (Zw1),GH,Ghent,3.7174,51.0543,,50.87539,3.74917,20.12,,
T2,Ruisseau de Bonneval aval,TO,Toulouse,1.4442,43.6047,,43.53219,1.46332,178.0,,
G19,Gent3 (G3),GH,Ghent,3.7174,51.0543,,51.02843,3.786,3.05,,
G20,Gent4 (G4),GH,Ghent,3.7174,51.0543,,51.0939,3.71687,2.74,,
G3,Zottegem2 (Zo2),GH,Ghent,3.7174,51.0543,,50.87604,3.75174,51.21,,
T5,Marcaissonne aval,TO,Toulouse,1.4442,43.6047,,43.5678,1.50937,138.0,,
T6,Marcaissonne amont,TO,Toulouse,1.4442,43.6047,,43.56755,1.51974,145.0,,
T7,Saune,TO,Toulouse,1.4442,43.6047,,43.57873,1.53609,145.0,,
T8,Ruisseau du Grand Port de Mer,TO,Toulouse,1.4442,43.6047,,43.58553,1.52861,157.0,,
T9,Ruisseau du Roussimort amont,TO,Toulouse,1.4442,43.6047,,43.52152,1.34273,165.0,,
T15,Fossé Mère (ou Ruisseau Le Négogousses),TO,Toulouse,1.4442,43.6047,,43.5713,1.38535,157.0,,
G7,Zwalm3 (Zw3),GH,Ghent,3.7174,51.0543,,50.86216,3.76577,23.77,,
O1,Gaustadbekken-Skådalen,OS,Oslo,10.7522,59.9139,,59.9561,10.7153,,FeatureCollection,"[{""geometry"": {""type"": ""Polygon"", ""coordinates"": [[[10.714834358860807, 59.95630120089381], [10.714842462787388, 59.95631364113375], [10.714853056358395, 59.95632573414961], [10.714865962454386, 59.956337248193826], [10.714881056784266, 59.95634807237924], [10.714898193982503, 59.95635810246232], [10.714917209009045, 59.95636724184713], [10.714937918738729, 59.9563754025156], [10.714960123724873, 59.95638250587529], [10.714983610120084, 59.9563884835163], [10.715008151735779, 59.95639327786997], [10.715033512220556, 59.95639684276354], [10.715059447336499, 59.9563991438647], [10.715085707311387, 59.956400159012325], [10.715112039244284, 59.9563998784298], [10.7151381895412, 59.95639830481929], [10.715163906357484, 59.95639545333567], [10.71518894202331, 59.95639135144062], [10.715213055429013, 59.95638603863802], [10.715236014347184, 59.95637956609362], [10.715257597669234, 59.956371996142195], [10.715277597534858, 59.95636340168724], [10.715295821333878, 59.95635386549879], [10.715312093561208, 59.95634347941633], [10.715326257507073, 59.95633234346427], [10.715338176766164, 59.956320564888614], [10.715347736551264, 59.956308257124135], [10.715354844798638, 59.95629553870187], [10.715359433054568, 59.95628253210763], [10.715361457134515, 59.95626936260229], [10.715360897548502, 59.95625615701557], [10.715357759688734, 59.95624304252446], [10.715352073777515, 59.956230145428535], [10.715328544951745, 59.95618695282504], [10.715320953771148, 59.95617517659282], [10.715311237788548, 59.95616379983947], [10.715299479155986, 59.95615291875689], [10.715285777296085, 59.95614262534596], [10.715270248061383, 59.956133006638645], [10.715253022754721, 59.956124143962036], [10.715234247019069, 59.956116112250946], [10.715225688760551, 59.95611277964566], [10.715099033582765, 59.95593392804694], [10.715088233522629, 59.95592088967668], [10.71507476952066, 59.95590849041536], [10.714968890840849, 59.95582210449891], [10.714955077272354, 59.95581191153635], [10.714939462551664, 59.95580239497723], [10.714922177597854, 59.95579363461067], [10.71490336733329, 59.95578570388564], [10.714785724928364, 59.95574054757441], [10.714764050114619, 59.95573304396479], [10.714741013158285, 59.95572664195291], [10.71471683591627, 59.95572140319296], [10.714691751226573, 59.955717378136534], [10.714666000665993, 59.955714605546646], [10.714639832223737, 59.95571311212447], [10.714613497913218, 59.95571291225231], [10.714587251345181, 59.955714007854965], [10.714561345285373, 59.95571638838126], [10.714536029220406, 59.955720030905724], [10.714511546955194, 59.95572490034918], [10.714488134265038, 59.95573094981676], [10.714466016625108, 59.955738121049386], [10.714445407039042, 59.955746344984824], [10.714426503987667, 59.95575554242284], [10.71440948951754, 59.95576562478788], [10.714394527487752, 59.955776494981954], [10.714381761991854, 59.95578804831997], [10.714371315970133, 59.95580017353753], [10.714363290025544, 59.95581275386282], [10.714357761454783, 59.95582566814087], [10.714354783503788, 59.9558387920005], [10.714354384854843, 59.95585199905195], [10.714356569350224, 59.955865162104125], [10.71436131595509, 59.955878154389595], [10.714368578959943, 59.955890850785295], [10.714378288420718, 59.955903129017564], [10.714390350832288, 59.95591487083989], [10.714404650028872, 59.95592596317144], [10.714421048302714, 59.95593629918633], [10.714439387730232, 59.955945779342336], [10.714459491692873, 59.955954312339635], [10.71453764889565, 59.955984312646095], [10.714602685655155, 59.95603737642226], [10.7147461589617, 59.956239981226055], [10.714755806309237, 59.956251795415085], [10.714767642191422, 59.95626309806651], [10.714781560126086, 59.95627378749334], [10.714797434899028, 59.956283767525385], [10.714815123690467, 59.95629294837479], [10.714834358860807, 59.95630120089381]]]}, ""properties"": {}, ""type"": ""Feature""}]"
O2,Hoffsbekken,OS,Oslo,10.7522,59.9139,,59.9514,10.6806,,FeatureCollection,"[{""geometry"": {""type"": ""Polygon"", ""coordinates"": [[[10.680818047540095, 59.951468229291585], [10.680815848630557, 59.95145656004081], [10.680811633926112, 59.95144503099822], [10.680805435393026, 59.95143372959966], [10.680797300042725, 59.95142274155445], [10.680420841079847, 59.950975041909416], [10.68040942936143, 59.95096313818581], [10.680395746448312, 59.950951852827956], [10.680379924115906, 59.95094129451928], [10.68036211474284, 59.950931564941385], [10.680342489843438, 59.95092275779468], [10.680321238415939, 59.950914957895975], [10.680298565122339, 59.95090824036186], [10.680274688317425, 59.95090266988513], [10.680249837945947, 59.95089830011199], [10.680224253328214, 59.95089517312513], [10.680198180855374, 59.950893319038876], [10.680171871616665, 59.950892755708765], [10.680145578981373, 59.950893488559885], [10.680119556158887, 59.950895510534544], [10.680094053760268, 59.95089880216024], [10.680069317384818, 59.95090333173714], [10.680045585254973, 59.950909055643386], [10.680023085922137, 59.95091591875526], [10.680002036065712, 59.95092385497788], [10.679982638406406, 59.95093278788181], [10.679965079753948, 59.95094263143909], [10.679949529208038, 59.950953290851615], [10.679936136529797, 59.9509646634642], [10.679925030699467, 59.950976639753016], [10.67991631867419, 59.950989104380504], [10.679910084357894, 59.95100193730597], [10.679906387793157, 59.95101501494169], [10.679905264582851, 59.95102821134314], [10.679906725547156, 59.95104139942191], [10.679910756619263, 59.95105445216948], [10.679917318980683, 59.95106724388059], [10.679926349435021, 59.9510796513637], [10.680284448182919, 59.95150552425508], [10.680297740384082, 59.95163698738631], [10.6803003630479, 59.951650130140344], [10.680305541416727, 59.95166308066992], [10.68031322562291, 59.951675714254115], [10.68032334166593, 59.95168790922418], [10.680335792124973, 59.95169954813538], [10.680350457097074, 59.951710518898025], [10.680367195351765, 59.951720715856965], [10.68038584569116, 59.951730040809146], [10.680406228502346, 59.95173840394945], [10.680428147487168, 59.95174572473548], [10.6804513915527, 59.95175193266336], [10.680475736844219, 59.95175696794667], [10.680500948901132, 59.951760782092315], [10.680526784915015, 59.951763338367556], [10.680552996068112, 59.95176461215374], [10.680579329929685, 59.95176459118344], [10.680605532887187, 59.95176327565852], [10.680631352588774, 59.951760678248384], [10.680656540373743, 59.95175682396777], [10.680680853667372, 59.95175174993588], [10.680704058317135, 59.951745505018955], [10.680725930847814, 59.951738149359564], [10.680746260613747, 59.95172975379745], [10.680764851827524, 59.951720399187224], [10.680781525445537, 59.951710175619624], [10.68079612089227, 59.951699181553984], [10.680808497606721, 59.95168752286986], [10.680818536396016, 59.95167531184745], [10.680826140583271, 59.951662666086115], [10.680831236938525, 59.95164970737189], [10.680833776383913, 59.951636560504625], [10.680833734466193, 59.95162335209602], [10.680818047540095, 59.951468229291585]]]}, ""properties"": {}, ""type"": ""Feature""}]"
O3,Gaustadbekken-Slemdalsveien/RH,OS,Oslo,10.7522,59.9139,,59.9475,10.7111,,FeatureCollection,"[{""geometry"": {""type"": ""Polygon"", ""coordinates"": [[[10.711289954985181, 59.94765503430013], [10.71127007959377, 59.94766582280351], [10.71125266634752, 59.94767763360088], [10.711237922674849, 59.94769032600255], [10.711226024204969, 59.947703748817176], [10.711162300625643, 59.947787701256786], [10.711154149671284, 59.947800261025264], [10.711148492079593, 59.94781316108778], [10.711145382339033, 59.94782627721006], [10.71114485040108, 59.94783948307686], [10.711146901391665, 59.947852651508505], [10.711151515561658, 59.94786565568578], [10.711158648477005, 59.94787837037106], [10.711168231446479, 59.94789067311462], [10.711180172183154, 59.94790244543382], [10.71119435569307, 59.947913573954175], [10.711210645382629, 59.947923951501295], [10.711228884373996, 59.94793347813297], [10.711248897015903, 59.94794206210178], [10.711270490575263, 59.94794962073862], [10.711293457093293, 59.94795608124898], [10.711317575388323, 59.947961381413926], [10.711342613185954, 59.94796547018938], [10.711368329356059, 59.94796830819774], [10.711394476235103, 59.947969868107066], [10.711420802011368, 59.94797013489436], [10.711447053150174, 59.947969105990275], [10.71147297683566, 59.947966791303756], [10.71149832340564, 59.94796321312682], [10.711522848756148, 59.94795840591956], [10.711546316692342, 59.94795241597852], [10.711568501203294, 59.94794530099075], [10.7115891886387, 59.94793712947811], [10.711608179766454, 59.947927980137486], [10.711625291691423, 59.94791794108282], [10.711640359616833, 59.947907108996404], [10.711653238431317, 59.94789558819794], [10.7116638041064, 59.947883489639665], [10.711706337587492, 59.947827452978586], [10.711767513803109, 59.94779768350955], [10.711785490999652, 59.94778803250316], [10.711801495860401, 59.947777544048535], [10.711815374250529, 59.94776631915599], [10.71182699251486, 59.947754465928064], [10.71183623876499, 59.94774209851845], [10.711843023956735, 59.947729336032616], [10.711847282747634, 59.94771630138067], [10.711848974126086, 59.94770312009373], [10.711848081806242, 59.94768991911488], [10.711844614384695, 59.9476768255768], [10.711838605257592, 59.947663965577235], [10.711830112298902, 59.94765146296468], [10.711819217302935, 59.94763943814569], [10.711806025196525, 59.94762800692532], [10.711790663028458, 59.94761727939181], [10.71177327874586, 59.947607358856416], [10.711754039769332, 59.947598340858576], [10.711733131380589, 59.947590312245815], [10.711710754938114, 59.947583350337254], [10.711687125937965, 59.947577522179216], [10.711662471938515, 59.94757288389939], [10.711637030368978, 59.94756948016642], [10.711611046242945, 59.947567343759744], [10.71158476979886, 59.9475664952538], [10.711558454090207, 59.94756694282006], [10.711532352548572, 59.94756868214821], [10.711506716543084, 59.94757169648775], [10.711481792959708, 59.94757595680926], [10.711457821823696, 59.94758142208396], [10.711435033988124, 59.94758803967885], [10.711413648910721, 59.94759574586346], [10.711393872540425, 59.947604466423755], [10.711289954985181, 59.94765503430013]]]}, ""properties"": {}, ""type"": ""Feature""}]"
O5,Hoffselva - Møllhausen,OS,Oslo,10.7522,59.9139,,59.9308,10.6769,,FeatureCollection,"[{""geometry"": {""type"": ""Polygon"", ""coordinates"": [[[10.67648709698205, 59.9310816945314], [10.676514071200703, 59.931085095837446], [10.676541602258624, 59.931087076697395], [10.676749869589733, 59.93109656315529], [10.67677856905855, 59.93109709541122], [10.676920569521926, 59.93109590961153], [10.676947298699712, 59.93109501477569], [10.676973716638058, 59.93109278601132], [10.676999559724258, 59.931089245558226], [10.67702457008198, 59.93108442874494], [10.677048498144584, 59.931078383636226], [10.677071105145519, 59.93107117055345], [10.677092165500897, 59.9310628614726], [10.67718446550647, 59.93102254408558], [10.677201807226163, 59.93101425784991], [10.677217607177562, 59.931005228308365], [10.67723173940577, 59.93099552744381], [10.677244091251154, 59.93098523259087], [10.677254564247471, 59.93097442581922], [10.677351596839049, 59.93086177418991], [10.677361972702561, 59.93084759096771], [10.677369115882419, 59.93083291344936], [10.677404615122958, 59.93073686289241], [10.677408139478887, 59.93072377342876], [10.677409090564222, 59.93071057361634], [10.677407459222536, 59.93069739057669], [10.677403261167608, 59.930684351269576], [10.677396536831928, 59.93067158127048], [10.67738735097724, 59.93065920356109], [10.677375792070698, 59.93064733734508], [10.677361971432841, 59.93063609689996], [10.677346022165397, 59.93062559047674], [10.677328097869411, 59.93061591925725], [10.677308371165942, 59.93060717637988], [10.677287032033615, 59.93059944604254], [10.677264285979035, 59.930592802691876], [10.67724035205768, 59.93058731030628], [10.677215460764348, 59.930583021779846], [10.67718985181341, 59.93057997841294], [10.677163771830347, 59.930578209514444], [10.677137471976716, 59.930577732119595], [10.677111205531421, 59.9305785508259], [10.677085225451638, 59.930580657748784], [10.677059781936805, 59.930584032597665], [10.677035120019166, 59.93058864287128], [10.677011477204111, 59.93059444417059], [10.67698908118293, 59.93060138062654], [10.676968147640117, 59.93060938543794], [10.676948878176251, 59.93061838151478], [10.676931458366516, 59.930628282220724], [10.676916055973512, 59.93063899220728], [10.676902819331607, 59.930650408332234], [10.676891875918363, 59.930662420652666], [10.676883331126783, 59.93067491348401], [10.676877267250266, 59.93068776651399], [10.676847283363232, 59.93076889070418], [10.676796610448404, 59.93082771933268], [10.676784024885665, 59.930827824426935], [10.676617891163602, 59.9308202571546], [10.676490752589883, 59.93080065655191], [10.676465246602222, 59.93079740234108], [10.676439227906343, 59.93079541854049], [10.676412947073597, 59.93079472425496], [10.676386657199727, 59.93079532617076], [10.676360611467517, 59.930797218491136], [10.676335060708652, 59.93080038299216], [10.676310250988159, 59.930804789198305], [10.676286421234774, 59.930810394675866], [10.67626380094003, 59.93081714544159], [10.67624260794821, 59.930824976482555], [10.676223046358434, 59.93083381238231], [10.676205304559115, 59.93084356804705], [10.676189553413694, 59.93085414952513], [10.676175944615116, 59.930865454911945], [10.67616460922492, 59.93087737533109], [10.67615565641099, 59.93088979598305], [10.676149172396132, 59.93090259725068], [10.676145219627625, 59.930915655851116], [10.6761438361757, 59.9309288460232], [10.676145035366805, 59.9309420407385], [10.676148805655133, 59.93095511292462], [10.676155110733712, 59.9309679366891], [10.67616388988394, 59.930980388531694], [10.676175058560228, 59.93099234853399], [10.676188509204133, 59.931003701514], [10.676204112280132, 59.93101433813566], [10.676221717523047, 59.93102415596176], [10.676241155385153, 59.93103306044056], [10.676262238668999, 59.931040965816244], [10.67628476433023, 59.931047795954996], [10.676308515433048, 59.93105348507814], [10.676333263239465, 59.9310579783957], [10.67648709698205, 59.9310816945314]]]}, ""properties"": {}, ""type"": ""Feature""}]"
O4,Makrellbekken - Dronningfossen,OS,Oslo,10.7522,59.9139,,59.9308,10.6778,,FeatureCollection,"[{""geometry"": {""type"": ""Polygon"", ""coordinates"": [[[10.67751168615784, 59.930690171001345], [10.677427301433681, 59.930634918081104], [10.677410285680148, 59.93062484192269], [10.677391384061691, 59.93061565136105], [10.677370778611197, 59.93060743490561], [10.677348667769785, 59.93060027168451], [10.677325264475748, 59.930594230682814], [10.677300794113863, 59.930589370077996], [10.677275492344904, 59.9305857366798], [10.677249602836168, 59.93058336547942], [10.677223374914922, 59.93058227931247], [10.677197061167368, 59.930582488639224], [10.677170915006213, 59.93058399144369], [10.677145188230273, 59.93058677325321], [10.677120128599638, 59.93059080727772], [10.677095977449712, 59.930596054667774], [10.677072967367128, 59.930602464888636], [10.677051319949866, 59.9306099762071], [10.677031243673252, 59.93061851628569], [10.677012931882226, 59.93062800287956], [10.676996560929384, 59.930638344628406], [10.676982288476577, 59.93064944193626], [10.67697025197653, 59.93066118793071], [10.676960567349049, 59.930673469492056], [10.676953327864588, 59.930686168342675], [10.676948603245906, 59.93069916218618], [10.676946438996513, 59.930712325885004], [10.676946855962337, 59.930725532665726], [10.67694985013083, 59.93073865533982], [10.676955392669534, 59.9307515675286], [10.67696343020358, 59.930764144880406], [10.676973885329673, 59.930776266267976], [10.676986657361377, 59.93078781495521], [10.677001623298723, 59.930798679721356], [10.677104952696428, 59.93086633767059], [10.677125191954962, 59.93087811307167], [10.677148002459083, 59.93088863815758], [10.677609463450096, 59.93107807981877], [10.677630627367757, 59.931085930763935], [10.6776532226465, 59.931092702768964], [10.67767703168004, 59.931098330615065], [10.677701825172468, 59.93110276010238], [10.67772736434656, 59.93110594857203], [10.677753403243427, 59.93110786531688], [10.677779691091335, 59.931108491877445], [10.677805974720886, 59.931107822219424], [10.677832001003296, 59.93110586279209], [10.677857519288288, 59.93110263246595], [10.677882283818091, 59.9310981623512], [10.677906056094335, 59.93109249549791], [10.677928607175012, 59.931085686481524], [10.677949719879388, 59.931077800877326], [10.677969190879635, 59.93106891462866], [10.677986832659016, 59.93105911331575], [10.6780024753178, 59.931048491331346], [10.678015968209467, 59.93103715097171], [10.678027181391487, 59.93102520145143], [10.678036006876699, 59.931012757851505], [10.678042359673189, 59.93099994001111], [10.678046178602735, 59.93098687137344], [10.678047426889886, 59.93097367779688], [10.678046092515997, 59.93096048634292], [10.678042188334883, 59.930947424052405], [10.678035751948899, 59.93093461672211], [10.678026845346691, 59.930922187693355], [10.678015554306127, 59.930910256663964], [10.678001987568082, 59.93089893853572], [10.677986275789161, 59.93088834230773], [10.677968570283333, 59.93087857002673], [10.677949041564649, 59.93086971580436], [10.67751168615784, 59.930690171001345]]]}, ""properties"": {}, ""type"": ""Feature""}]"
O6,Ljanselva- Skullerud -,OS,Oslo,10.7522,59.9139,,59.8628,10.8458,,FeatureCollection,"[{""geometry"": {""type"": ""Polygon"", ""coordinates"": [[[10.8454796455828, 59.86294327772521], [10.845509345861943, 59.86294763100536], [10.845539846591315, 59.86295023155431], [10.846231003374536, 59.86298865906216], [10.846278165503778, 59.86300323060487], [10.846301192384667, 59.86300958445269], [10.84632534672759, 59.86301477259083], [10.846350395910957, 59.86301874505407], [10.846376098694966, 59.86302146358501], [10.846402207544987, 59.863022902002335], [10.84642847101555, 59.86302304645312], [10.846454636172027, 59.86302189554616], [10.846480451026634, 59.863019460365436], [10.846505666965339, 59.86301576436333], [10.846530041142252, 59.8630108431347], [10.846553338818477, 59.86300474407423], [10.846575335622852, 59.86299752591975], [10.846595819712828, 59.86298925818676], [10.846614593814706, 59.862980020498796], [10.846631477123486, 59.862969901820584], [10.846646307044137, 59.86295899960134], [10.846658940757472, 59.86294741883604], [10.84666925659551, 59.86293527105451], [10.84667715521316, 59.86292267324705], [10.84668256054488, 59.862909746737934], [10.846685420537137, 59.86289661601687], [10.846685707649621, 59.862883407540025], [10.846683419120332, 59.86287024851235], [10.846678576992081, 59.862857265662306], [10.846671227900076, 59.86284458402169], [10.846661442622707, 59.86283232572114], [10.846649315399796, 59.86282060881438], [10.846634963024934, 59.86280954614096], [10.84661852372063, 59.86279924423978], [10.846600155807092, 59.86278980232307], [10.846580036177496, 59.862781311320894], [10.846558358594416, 59.86277385300547], [10.846460105895723, 59.86274349621649], [10.846434176537812, 59.86273644314625], [10.846406862146269, 59.86273086701802], [10.846378494090557, 59.862726835479485], [10.846349416522385, 59.86272439743981], [10.845629569959211, 59.862684375131735], [10.845584547865633, 59.86267632951815], [10.845559397357752, 59.862672522870376], [10.845533626070917, 59.862669974354226], [10.845507482193911, 59.862668708512935], [10.845481217503558, 59.86266873753716], [10.845455084940136, 59.8626700611473], [10.845429336171515, 59.86267266659638], [10.845404219169554, 59.86267652879281], [10.845379975822155, 59.86268161054188], [10.845356839603808, 59.862687862904124], [10.8453350333272, 59.862695225666435], [10.845314766997477, 59.86270362792217], [10.845296235789826, 59.86271298875371], [10.845279618169858, 59.86272321801191], [10.84526507417489, 59.86273421718414], [10.845252743872653, 59.862745880343155], [10.845242746012364, 59.862758095166946], [10.845235176881001, 59.86277074402066], [10.845230109375958, 59.862783705089385], [10.845227592302873, 59.86279685355124], [10.845227649905533, 59.86281006277954], [10.845230281632245, 59.86282320556222], [10.845235462141046, 59.862836155327], [10.845243141543653, 59.862848787360285], [10.845253245885786, 59.862860980008286], [10.845265677859308, 59.862872615848616], [10.84528031773926, 59.86288358282112], [10.845297024536803, 59.86289377530722], [10.845315637356997, 59.862903095146926], [10.845335976948258, 59.862911452584335], [10.845357847428662, 59.86291876713196], [10.845381038172397, 59.86292496834606], [10.845405325838268, 59.86292999650484], [10.8454796455828, 59.86294327772521]]]}, ""properties"": {}, ""type"": ""Feature""}]"
O7,Ljanselvas mljøpark,OS,Oslo,10.7522,59.9139,,59.8511,10.8164,,FeatureCollection,"[{""geometry"": {""type"": ""Polygon"", ""coordinates"": [[[10.816714090387892, 59.85128448535704], [10.816808745624533, 59.851363719551074], [10.816823105990737, 59.85137452239071], [10.816839470238934, 59.8513845781298], [10.81685768581712, 59.851393793024954], [10.816877582914085, 59.85140208117126], [10.816898976042406, 59.85140936530334], [10.816921665767651, 59.85141557751554], [10.816945440567594, 59.85142065989507], [10.81697007880417, 59.85142456506182], [10.817353014563356, 59.851475177672384], [10.817378705325483, 59.851477903038955], [10.817404803358869, 59.851479348410635], [10.817431057322214, 59.85147949986755], [10.81745721437245, 59.851478355950995], [10.817483022599868, 59.85147592767766], [10.817508233454253, 59.851472238433345], [10.817532604138687, 59.851467323747904], [10.817555899947909, 59.85146123095292], [10.817577896528723, 59.85145401872599], [10.817598382040746, 59.85144575652546], [10.81761715919657, 59.85143652392156], [10.817634047161787, 59.85142640983009], [10.81764888329652, 59.85141551165608], [10.817661524721718, 59.851403934355574], [10.817671849695142, 59.851391789424994], [10.817679758783711, 59.85137919382721], [10.817685175821035, 59.851366268865235], [10.817688048640855, 59.851353139013824], [10.817688349579317, 59.8513399307208], [10.817686075741262, 59.85132677118933], [10.817681249028016, 59.8513137871528], [10.817673915926338, 59.8513011036543], [10.817664147060619, 59.85128884284249], [10.817652036512623, 59.851277122795175], [10.81763770091536, 59.85126605638222], [10.817621278329758, 59.851255750178574], [10.817602926915026, 59.85124630343779], [10.817582823405447, 59.85123780713646], [10.817561161408351, 59.851230343097825], [10.817538149539569, 59.85122398320393], [10.817514009414388, 59.85121878870335], [10.817488973513354, 59.85121480962144], [10.817211306319193, 59.8511781105241], [10.817131330297276, 59.85111116463076], [10.81711686601015, 59.85110029131627], [10.817100371736462, 59.851090175884394], [10.81708200332334, 59.85108091391033], [10.8170619343252, 59.85107259290523], [10.817040354363881, 59.85106529148957], [10.817017467337042, 59.85105907865024], [10.816533762073519, 59.850942669880695], [10.816509549786286, 59.85093756135234], [10.816484458828622, 59.85093367139721], [10.81645873083768, 59.8509310374773], [10.816432613585288, 59.85092968495832], [10.816406358591893, 59.850929626865586], [10.816380218704376, 59.850930863758556], [10.816354445661133, 59.850933383725355], [10.816329287667806, 59.85093716249757], [10.81630498700703, 59.850942163684], [10.81628177770523, 59.850948339120954], [10.816259883278901, 59.85095562933623], [10.816239514582078, 59.85096396412175], [10.816220867775769, 59.85097326320974], [10.816204122438812, 59.85098343704563], [10.816189439838464, 59.850994387650616], [10.816176961377277, 59.85100600956508], [10.816166807231273, 59.851018190864295], [10.816159075192527, 59.85103081423625], [10.816153839727276, 59.85104375811146], [10.816151151258707, 59.85105689783364], [10.81615103568121, 59.85107010686029], [10.816153494110925, 59.85108325798124], [10.81615850287483, 59.851096224543966], [10.81616601373865, 59.85110888167311], [10.816175954371252, 59.851121107473176], [10.816188229041133, 59.85113278420253], [10.816202719538282, 59.851143799407275], [10.816219286312544, 59.85115404700427], [10.816237769817512, 59.85116342830284], [10.81625799204702, 59.851171852955154], [10.816279758249443, 59.85117923982645], [10.816302858803265, 59.85118551777641], [10.816714090387892, 59.85128448535704]]]}, ""properties"": {}, ""type"": ""Feature""}]"
O8,Ljanselva – Nedre Ljan Nordstrand,OS,Oslo,10.7522,59.9139,,59.8433,10.7847,,FeatureCollection,"[{""geometry"": {""type"": ""Polygon"", ""coordinates"": [[[10.78611978692388, 59.84371090897259], [10.786144701767114, 59.84371506701257], [10.7861703065546, 59.84371797613383], [10.786196354695509, 59.84371960831958], [10.786222595329052, 59.84371994785081], [10.786248775740548, 59.843718991457514], [10.786274643795291, 59.8437167483504], [10.786299950366875, 59.843713240132026], [10.78632445173653, 59.8437085005888], [10.78634791194035, 59.843702575365676], [10.786370105041884, 59.843695521526314], [10.786390817308066, 59.84368740700368], [10.786409849267622, 59.8436783099459], [10.786427017632166, 59.84366831796334], [10.786442157061336, 59.843657527284975], [10.786455121755116, 59.84364604183172], [10.786465786857923, 59.843633972215386], [10.78647404966098, 59.843621434673636], [10.786479830591382, 59.84360854995032], [10.786483073978346, 59.843595442132646], [10.786483748589221, 59.84358223745637], [10.786481847930176, 59.84356906308981], [10.786477390308633, 59.843556045909175], [10.786470418656815, 59.84354331127686], [10.7864610001182, 59.84353098183398], [10.786449225400771, 59.843519176319276], [10.78643520790337, 59.843508008425744], [10.786419082623532, 59.84349758570565], [10.786401004857327, 59.84348800853469], [10.786381148703748, 59.84347936914553], [10.786359705388032, 59.84347175073947], [10.786336881420073, 59.84346522668516], [10.786312896605649, 59.843459859812135], [10.784337767579265, 59.84307511547774], [10.784312853451643, 59.84307095710271], [10.784287249336927, 59.843068047626694], [10.78426120181402, 59.843066415069174], [10.784234961731853, 59.8430660751523], [10.784208781793721, 59.84306703114965], [10.784182914123715, 59.84306927385449], [10.784157607838733, 59.84307278166857], [10.784133106649486, 59.84307752081009], [10.784109646513498, 59.84308344563904], [10.784087453362842, 59.84309049909665], [10.78406674092831, 59.843098613254924], [10.784047708681165, 59.84310770997086], [10.784030539912118, 59.84311770163885], [10.784015399966187, 59.8431284920344], [10.784002434650278, 59.84313997724091], [10.783991768828981, 59.843152046650154], [10.783983505221986, 59.843164584027775], [10.783977723414747, 59.84317746863241], [10.783974479091958, 59.843190576378696], [10.783973803501164, 59.843203781032], [10.78397570315172, 59.84321695542445], [10.783980159751977, 59.84322997267932], [10.783987130385341, 59.843242707433106], [10.783996547923454, 59.84325503704283], [10.784008321672587, 59.8432668427671], [10.784022338246976, 59.843278010909735], [10.784038462660718, 59.84328843391476], [10.784056539627706, 59.84329801140222], [10.78407639505709, 59.84330665113488], [10.784097837729849, 59.843314269906635], [10.784120661140372, 59.84332079434382], [10.784144645485227, 59.843326161611884], [10.78611978692388, 59.84371090897259]]]}, ""properties"": {}, ""type"": ""Feature""}]"
O9,Gaustadbekken -Forskningsparketn,OS,Oslo,10.7522,59.9139,,59.9425,10.7181,,FeatureCollection,"[{""geometry"": {""type"": ""Polygon"", ""coordinates"": [[[10.717969465581856, 59.942583267540634], [10.7179731148804, 59.942591000096655], [10.717981662673518, 59.942603493112564], [10.71799261000572, 59.94261550561908], [10.718005851450267, 59.94262692192867], [10.718021259486381, 59.942637632095376], [10.718038685727292, 59.94264753297372], [10.718057962349217, 59.94265652921204], [10.718078903707589, 59.942664534170916], [10.718101308124936, 59.94267147075744], [10.718124959833142, 59.94267727216781], [10.718149631051501, 59.942681882530636], [10.718175084180407, 59.94268525744508], [10.718201074089682, 59.94268736440844], [10.71822735047939, 59.942688183129285], [10.718253660290495, 59.942687705722705], [10.718279750142063, 59.94268593678645], [10.718305368771581, 59.9426828933565], [10.718330269454869, 59.94267860474301], [10.71835421238226, 59.94267311224822], [10.71837696696822, 59.94266646876835], [10.718398314072074, 59.942658738284386], [10.718418048108504, 59.94264999524588], [10.718435979027513, 59.94264032385379], [10.7184519341447, 59.94262981724968], [10.718465759804314, 59.942618576618685], [10.718477322859021, 59.94260671021487], [10.71848651195211, 59.942594332318855], [10.718493238589879, 59.942581562137065], [10.718497437993767, 59.94256852265373], [10.71849906972411, 59.94255533944648], [10.7184981180695, 59.94254213947694], [10.71849459219796, 59.94252904986801], [10.718484788446707, 59.94250253434724], [10.7184791383569, 59.94249041040116], [10.718471279431151, 59.94247860027954], [10.71846127892343, 59.94246720504583], [10.718449222413755, 59.942456322212976], [10.718435213075768, 59.942446044909126], [10.718303845300698, 59.942358641899645], [10.718286982032664, 59.94234849865896], [10.718268218361953, 59.942339233542505], [10.718247734992985, 59.94233093577763], [10.718225729191222, 59.9423236852756], [10.7182024128834, 59.942317551862025], [10.718178010616617, 59.94231259460436], [10.718152757395886, 59.942308861243134], [10.718126896420975, 59.9423063877322], [10.718100676744378, 59.942305197892566], [10.718074350872902, 59.94230530318282], [10.71804817233601, 59.942306702588915], [10.7180223932443, 59.94230938263401], [10.717997261861674, 59.942313317508], [10.717973020214519, 59.94231846931638], [10.71794990176096, 59.94232478844491], [10.717928129142626, 59.94233221403752], [10.717907912040538, 59.94234067458248], [10.717889445155825, 59.942350088600776], [10.71787290633466, 59.94236036543112], [10.71785845485552, 59.94237140610271], [10.717846229895208, 59.9423831042886], [10.717836349188463, 59.9423953473295], [10.717828907894067, 59.94240801731875], [10.717823977678282, 59.94242099223798], [10.717821606024627, 59.94243414713183], [10.717821815776427, 59.942447355311714], [10.717824604916734, 59.94246048957564], [10.71782994658762, 59.94247342343332], [10.71783778934872, 59.9424860323244], [10.717848057672528, 59.94249819481795], [10.717860652671652, 59.942509793781916], [10.717875453051091, 59.942520717511385], [10.717969465581856, 59.942583267540634]]]}, ""properties"": {}, ""type"": ""Feature""}]"
O10,Frognerelva - VInderen,OS,Oslo,10.7522,59.9139,,59.9414,10.7097,,FeatureCollection,"[{""geometry"": {""type"": ""Polygon"", ""coordinates"": [[[10.709588466599138, 59.94139973333959], [10.70957436538577, 59.941412314618205], [10.709563030522725, 59.9414255811918], [10.709554592370903, 59.941439380487], [10.709549147977743, 59.94145355380362], [10.709546759960945, 59.94146793813983], [10.709538916046407, 59.941601501893814], [10.709539952496902, 59.94161793077624], [10.709544972599815, 59.9416341737621], [10.709678298493111, 59.94194058299711], [10.709685168934941, 59.94195333383684], [10.709694497312304, 59.94196568540574], [10.709706193790181, 59.9419775187509], [10.709720145726996, 59.941988719910164], [10.709736218759387, 59.94199918100959], [10.709754258096108, 59.94200880130233], [10.709774090008741, 59.94201748813891], [10.709795523504773, 59.94202515785963], [10.709818352166987, 59.94203173660012], [10.709842356141396, 59.942037161002844], [10.709867304254614, 59.94204137882725], [10.709892956240271, 59.942044349452836], [10.709919065052983, 59.94204604427057], [10.709945379247667, 59.942046446958116], [10.709971645401165, 59.942045553637364], [10.709997610553017, 59.942043372911535], [10.710023024641687, 59.9420399257824], [10.71004764291292, 59.94203524544809], [10.710071228276963, 59.94202937698325], [10.710093553591948, 59.942022376904994], [10.710114403851488, 59.94201431262859], [10.710133578255332, 59.942005261818146], [10.710150892143243, 59.941995311638685], [10.710166178773362, 59.941984557916626], [10.710179290928021, 59.94197310421697], [10.710190102331495, 59.94196106084575], [10.71019850886604, 59.94194854378784], [10.710204429574548, 59.94193567358981], [10.710207807440085, 59.941922574199076], [10.71020860993492, 59.941909371770166], [10.710206829333647, 59.94189619344977], [10.710202482787487, 59.94188316615225], [10.710076179380886, 59.94159290670941], [10.710080880027137, 59.941512843594964], [10.710245258465697, 59.94138300712313], [10.710258266598158, 59.94137152367062], [10.710268968708688, 59.941359455793794], [10.710277261732118, 59.94134691971342], [10.710283065804532, 59.941334036159354], [10.710286325032273, 59.94132092920758], [10.710287008030168, 59.941307725085444], [10.710285108223639, 59.941294550955924], [10.710280643911904, 59.941281533693044], [10.710273658091651, 59.94126879865989], [10.710264218042818, 59.941256468501486], [10.710252414680564, 59.94124466196346], [10.710238361679615, 59.941233492748616], [10.71022219437943, 59.941223068422], [10.710204068480765, 59.94121348937476], [10.710184158546161, 59.94120484785763], [10.7101626563188, 59.94119722709238], [10.710139768875916, 59.94119070047037], [10.710115716634581, 59.94118533084592], [10.710090731229021, 59.9411811699308], [10.710065053279926, 59.94117825779647], [10.710038930077237, 59.94117662248798], [10.710012613198714, 59.94117627975401], [10.709986356087219, 59.941177232895235], [10.709960411610036, 59.941179472732436], [10.709935029623747, 59.94118297769501], [10.709910454568083, 59.94118771402858], [10.709886923111933, 59.94119363612018], [10.709864661874194, 59.94120068693741], [10.709843885241371, 59.94120879857775], [10.70982479330298, 59.94121789292236], [10.709807569924596, 59.94122788238857], [10.709792380977145, 59.941238670773025], [10.709588466599138, 59.94139973333959]]]}, ""properties"": {}, ""type"": ""Feature""}]"
O11,Mærradalsbekken - Radiumhospital,OS,Oslo,10.7522,59.9139,,59.9297,10.6594,,FeatureCollection,"[{""geometry"": {""type"": ""Polygon"", ""coordinates"": [[[10.65926357608456, 59.9303182659091], [10.659262265460201, 59.93033258930988], [10.659263998203, 59.93034690140961], [10.659268754651839, 59.930361039779164], [10.659276480829181, 59.93037484396091], [10.659287089053487, 59.930388157289734], [10.65946908508823, 59.93058538238571], [10.659494609400637, 59.930813467265246], [10.659497372701475, 59.9308266026142], [10.659502687966185, 59.930839538774585], [10.659510504008713, 59.9308521511638], [10.659520745558863, 59.93086431831727], [10.659533313987097, 59.930875923058075], [10.659548088254304, 59.930886853625665], [10.659564926077417, 59.930897004751934], [10.659583665299616, 59.93090627867529], [10.65960412545197, 59.93091458608195], [10.659626109491454, 59.93092184696632], [10.659649405698595, 59.93092799140141], [10.659673789716498, 59.9309329602123], [10.659699026711587, 59.93093670554606], [10.65972487363526, 59.93093919133261], [10.65975108156469, 59.93094039363218], [10.659777398100175, 59.93094030086579], [10.65980356979603, 59.93093891392678], [10.65982934460149, 59.93093624617229], [10.659854474288249, 59.93093232329453], [10.659878716841117, 59.93092718307333], [10.659901838788867, 59.93092087501237], [10.659923617452774, 59.93091345986239], [10.659943843091208, 59.93090500903601], [10.659962320919588, 59.93089560392002], [10.659978872986299, 59.93088533509168], [10.659993339886471, 59.930874301446096], [10.660005582297096, 59.93086260924409], [10.660015482318755, 59.930850371088546], [10.660022944610985, 59.930837704840215], [10.660027897310368, 59.93082473248238], [10.660030292722531, 59.93081157894628], [10.660030107781354, 59.93079837090785], [10.660001705758004, 59.930544607329104], [10.659999095703856, 59.93053197333716], [10.659994124367715, 59.930519519090154], [10.659986836026388, 59.93050735550423], [10.659977295591471, 59.930495590906844], [10.659804522460995, 59.930308363824956], [10.659868272242353, 59.92998679922891], [10.659869589809, 59.92997360742851], [10.65986832480576, 59.92996041433205], [10.659864489418371, 59.92994734699623], [10.659858120586668, 59.92993453126641], [10.659849279648721, 59.9299220905648], [10.65983805175002, 59.92991014470165], [10.659824545023373, 59.92989880872159], [10.659808889547449, 59.929888191795655], [10.659791236094005, 59.92987839616992], [10.659771754675816, 59.92986951618086], [10.65975063290937, 59.92986163734681], [10.659728074207997, 59.929854835544575], [10.65970429582294, 59.9298491762785], [10.659679526751162, 59.92984471404977], [10.659654005530028, 59.929841491831645], [10.659627977940179, 59.929839540655394], [10.65960169463862, 59.92983887931164], [10.659575408744857, 59.92983951416945], [10.659549373403364, 59.92984143911475], [10.659523839345745, 59.92984463560952], [10.659499052476193, 59.92984907287005], [10.659475251503391, 59.929854708163596], [10.659452665641712, 59.92986148721975], [10.659431512403845, 59.929869344753165], [10.659411995506062, 59.9298782050922], [10.659394302906396, 59.92988798290773], [10.65937860499447, 59.92989858403482], [10.659365052950584, 59.92990990637955], [10.659353777289713, 59.92992184090224], [10.659344886604519, 59.92993427266753], [10.659338466519493, 59.92994708195126], [10.659334578866236, 59.9299601453934], [10.65926357608456, 59.9303182659091]]]}, ""properties"": {}, ""type"": ""Feature""}]"
O12,Makrellbekken – ring3,OS,Oslo,10.7522,59.9139,,59.9356,10.6736,,FeatureCollection,"[{""geometry"": {""type"": ""Polygon"", ""coordinates"": [[[10.67393162453405, 59.935810754764695], [10.673935801658429, 59.93580207238524], [10.67404964393527, 59.93552551654147], [10.674311336858056, 59.935347216848946], [10.674325887346633, 59.93533621020379], [10.674338217926026, 59.93532454085674], [10.674348209847683, 59.93531232119058], [10.674355766886073, 59.93529966888798], [10.674360816265313, 59.935286705797985], [10.674363309359943, 59.93527355676252], [10.674363222163102, 59.935260348414175], [10.674360555517614, 59.935247207956635], [10.674355335107757, 59.93523426193951], [10.67434761121179, 59.935221635039774], [10.674337458217623, 59.93520944886102], [10.674324973906357, 59.93519782076221], [10.674310278510475, 59.935186862727704], [10.674293513555893, 59.935176680288684], [10.674274840498933, 59.93516737150683], [10.674254439171385, 59.93515902603004], [10.674232506048636, 59.935151724229065], [10.674209252357514, 59.9351455364235], [10.674184902042109, 59.935140522204655], [10.67415968960713, 59.93513672986163], [10.67413385785958, 59.935134195916326], [10.67410765557049, 59.93513294477171], [10.67408133507922, 59.93513298847677], [10.674055149863426, 59.93513432661058], [10.674029352098016, 59.935136946286356], [10.674004190226727, 59.935140822275386], [10.673979906569548, 59.9351459172502], [10.673956734989169, 59.93515218214396], [10.673934898638837, 59.935159556622914], [10.67391460781331, 59.935167969667496], [10.673896057923699, 59.935177340256246], [10.673879427615525, 59.935187578146014], [10.673582905273896, 59.93538960629549], [10.673567047907113, 59.9354017271853], [10.673553880815547, 59.93541463375707], [10.673543556812017, 59.93542817622458], [10.673536195714602, 59.93544219742163], [10.673412269610571, 59.93574323860124], [10.673284174173713, 59.93597542055113], [10.673278404341119, 59.93598830771392], [10.673275179478603, 59.93600141661885], [10.673274530646308, 59.93601462102022], [10.673276464095919, 59.93602779375249], [10.673280961210299, 59.936040807954974], [10.673287978682698, 59.936053538293564], [10.67329744893369, 59.93606586216778], [10.6733092807619, 59.93607766089146], [10.673323360222241, 59.93608882083586], [10.673339551723185, 59.93609923452397], [10.673357699332541, 59.93610880166549], [10.673377628279134, 59.93611743012286], [10.673399146635921, 59.93612503679859], [10.673422047168398, 59.93613154843549], [10.673446109330394, 59.93613690232225], [10.673471101388124, 59.9361410468974], [10.673496782651986, 59.93614394224597], [10.673522905794618, 59.93614556048378], [10.673549219232912, 59.93614588602615], [10.673575469551015, 59.93614491573778], [10.673601403940959, 59.93614265896322], [10.673626772637478, 59.93613913743661], [10.673651331323487, 59.9361343850726], [10.673674843483095, 59.93612844763952], [10.673697082679462, 59.93612138231871], [10.6737178347356, 59.93611325715371], [10.673736899797058, 59.93610415039506], [10.673754094256635, 59.936094149746644], [10.673769252522693, 59.936083351520814], [10.673782228613796, 59.936071859711234], [10.673792897564624, 59.936059784990945], [10.67380115662936, 59.936047243646705], [10.67393162453405, 59.935810754764695]]]}, ""properties"": {}, ""type"": ""Feature""}]"
O13,Mærradalsbekken – Huseby skole,OS,Oslo,10.7522,59.9139,,59.945,10.6503,,FeatureCollection,"[{""geometry"": {""type"": ""Polygon"", ""coordinates"": [[[10.649913825911373, 59.945187649860095], [10.649984312875873, 59.94524969596086], [10.649996977017455, 59.94525977807448], [10.650011369179298, 59.94526925869662], [10.650027376535485, 59.9452780635039], [10.650044873597482, 59.945286123470964], [10.65006372319788, 59.945293375411566], [10.650123241123183, 59.94531424125591], [10.650133029639536, 59.945340591926104], [10.650139117311815, 59.945353442302434], [10.650147686392218, 59.94536593145422], [10.650158654358284, 59.9453779391036], [10.650171915584567, 59.94538934960984], [10.65018734235977, 59.94540005308282], [10.650204786116648, 59.9454099464416], [10.65022407886273, 59.94541893440689], [10.650245034798164, 59.94542693041894], [10.65026745210508, 59.94543385747102], [10.650291114891234, 59.94543964885115], [10.65031579526922, 59.945444248784554], [10.650341255551226, 59.94544761297081], [10.650367250538176, 59.945449709010525], [10.650393529881232, 59.9454505167175], [10.650419840492917, 59.9454500283129], [10.65044592898459, 59.94544824850031], [10.650471544106832, 59.94544519442056], [10.65049643916923, 59.94544089548635], [10.650520374416269, 59.945435393099274], [10.650543119336373, 59.94542874025083], [10.650564454881962, 59.94542100101225], [10.65058417557903, 59.9454122499174], [10.650602091506054, 59.945402571244784], [10.650618030123017, 59.94539205820616], [10.650631837933075, 59.94538081204852], [10.650643381960798, 59.945368941079266], [10.65065255103273, 59.9453565596229], [10.650659256847977, 59.94534378692016], [10.650663434828513, 59.94533074597957], [10.650665044740999, 59.945317562392795], [10.650664071084138, 59.94530436312513], [10.650660523237853, 59.94529127529263], [10.650630626818314, 59.945210797514115], [10.650624620886786, 59.94519808905466], [10.650616187932656, 59.94518573246657], [10.650605407367914, 59.94517384410626], [10.650592380710645, 59.9451625359209], [10.65057723062897, 59.94515191439435], [10.650560099785908, 59.94514207954439], [10.65054114949592, 59.94513312398092], [10.650520558205855, 59.94512513203406], [10.650420584646264, 59.94509008344683], [10.65032716919838, 59.94500785539227], [10.65031267034044, 59.944996463451965], [10.650295967127159, 59.944985858474126], [10.65027722800396, 59.94497614740444], [10.650256641946854, 59.94496742817404], [10.650234416556726, 59.944959788711664], [10.650210775965771, 59.94495330605719], [10.650094930071118, 59.944925232318816], [10.650070058986929, 59.944919962001826], [10.650044257983144, 59.944915972427374], [10.650017788353326, 59.944913303998824], [10.649993527110254, 59.94491211193012], [10.649925805448577, 59.9448121946347], [10.649916116890596, 59.94479991318022], [10.649904075473314, 59.94478816728177], [10.649889797163993, 59.944777070058265], [10.6498734194719, 59.94476672838123], [10.649855100123917, 59.94475724184601], [10.649835015545541, 59.94474870181236], [10.649813359161813, 59.944741190524645], [10.649790339534514, 59.944734780320026], [10.649766178353673, 59.944729532931525], [10.64974110830262, 59.94472549889381], [10.649715370817185, 59.944722717056415], [10.649689213760652, 59.94472121420959], [10.649662889036797, 59.94472100482637], [10.649636650164023, 59.944722090923186], [10.64961074983399, 59.94472446204036], [10.64958543747812, 59.94472809534307], [10.649560956865601, 59.944732955840934], [10.649537543755825, 59.94473899672525], [10.649515423627998, 59.94474615981955], [10.64949480950971, 59.94475437614005], [10.649475899925433, 59.944763566559814], [10.649458876984633, 59.94477364257085], [10.649443904627974, 59.94478450713644], [10.649431127048459, 59.94479605562557], [10.64942066730273, 59.944808176820686], [10.649412626125912, 59.944820753988616], [10.649407080961394, 59.94483366600483], [10.649404085214918, 59.9448467885199], [10.649403667740131, 59.94485999515705], [10.64940583256062, 59.944873158729216], [10.649410558831022, 59.944886152463866], [10.649417801037668, 59.94489885122404], [10.64955606768963, 59.945102855377414], [10.649565935854037, 59.94511533508357], [10.649578233257206, 59.94512725948416], [10.64959283753807, 59.945138509927084], [10.649609603380869, 59.94514897446623], [10.649628363961023, 59.94515854897534], [10.649648932605052, 59.945167138184324], [10.649671104648037, 59.94517465662709], [10.649694659470127, 59.94518102949201], [10.649719362691812, 59.945186193366396], [10.64974496850613, 59.94519009686749], [10.649771222124631, 59.94519270115381], [10.649797862312695, 59.9451939803115], [10.649824623989016, 59.94519392161239], [10.64985124086337, 59.94519252564051], [10.649913825911373, 59.945187649860095]]]}, ""properties"": {}, ""type"": ""Feature""}]"
O14,Hovinbekken - Krokliveien,OS,Oslo,10.7522,59.9139,,59.9392,10.8214,,FeatureCollection,"[{""geometry"": {""type"": ""Polygon"", ""coordinates"": [[[10.821642415254127, 59.939253077010896], [10.821646842443403, 59.93923089952115], [10.821775476786954, 59.939130218422605], [10.821788579764927, 59.939118761851006], [10.821799381668153, 59.939106716017314], [10.82180777847039, 59.93909419693008], [10.821813689308243, 59.93908132515548], [10.821817057259857, 59.93906822465604], [10.82181784989296, 59.939055021597035], [10.821816059577136, 59.93904184313119], [10.821811703557152, 59.93902881617424], [10.821804823786787, 59.93901606618272], [10.821795486524682, 59.93900371594561], [10.821783781696107, 59.93899188440201], [10.82176982202688, 59.93898068549552], [10.821753741957641, 59.938970227077114], [10.821735696349094, 59.93896060986627], [10.821715858990563, 59.938951926481266], [10.821694420926303, 59.93894426054707], [10.821671588615649, 59.938937685890075], [10.821647581944742, 59.93893226582715], [10.821622632108951, 59.93892805255588], [10.821596979386433, 59.93892508665186], [10.821570870824193, 59.93892339667799], [10.821544557859, 59.93892299890947], [10.821518293896027, 59.93892389717691], [10.82149233186855, 59.938926082829575], [10.821466921802156, 59.938929534818655], [10.821442308406988, 59.93893421989997], [10.821418728721158, 59.938940092954134], [10.821396409828019, 59.938947097420986], [10.82137556666931, 59.938955165844355], [10.821356399975203, 59.93896422052167], [10.821339094331185, 59.93897417425221], [10.821323816400424, 59.93898493117686], [10.82116049947022, 59.93911275660293], [10.821147901404741, 59.93912371902181], [10.821137410730849, 59.93913522662924], [10.821129120174511, 59.93914717771313], [10.82112310301583, 59.9391594666415], [10.821119412441226, 59.93917198479612], [10.821103371796307, 59.939252332094185], [10.82110203771268, 59.93926525616542], [10.821103183408802, 59.939278184786126], [10.82110679829649, 59.9392909984412], [10.82111284896171, 59.93930357867828], [10.821213462315008, 59.93947595976417], [10.821222092024673, 59.93948843892587], [10.8212331179426, 59.93950043357652], [10.821246433885214, 59.93951182820049], [10.82126191161427, 59.93952251306069], [10.821279402071784, 59.939532385255355], [10.821298736815512, 59.939541349709074], [10.821319729641125, 59.939549320088524], [10.821342178375465, 59.93955621963383], [10.82136586682361, 59.93956198189787], [10.821390566851004, 59.93956655138629], [10.821416040580583, 59.93956988409194], [10.821442042683756, 59.93957194791858], [10.821468322743156, 59.939572722990164], [10.821494627664396, 59.93957220184224], [10.821520704113643, 59.939570389493745], [10.821546300957452, 59.93956730339882], [10.821571171681471, 59.93956297327847], [10.82159507676457, 59.939557440834655], [10.821617785985689, 59.93955075934835], [10.82163908064106, 59.93954299316662], [10.821658755650496, 59.939534217082695], [10.821676621532479, 59.93952451561588], [10.821692506228981, 59.939513982197354], [10.821706256762456, 59.93950271827042], [10.821717740709094, 59.939490832313574], [10.821726847474062, 59.9394784387957], [10.82173348935653, 59.939465657073676], [10.821737602394187, 59.93945261024286], [10.821739146979134, 59.939439423951676], [10.821738108239225, 59.939426225191355], [10.821734496181152, 59.93941314107323], [10.821728345593987, 59.939400297604266], [10.821642415254127, 59.939253077010896]]]}, ""properties"": {}, ""type"": ""Feature""}]"
O15,Hovinbekken - Hovin,OS,Oslo,10.7522,59.9139,,59.9206,10.8006,,FeatureCollection,"[{""geometry"": {""type"": ""Polygon"", ""coordinates"": [[[10.800481908934778, 59.920867796532626], [10.800502421456539, 59.92087606844745], [10.800524450191473, 59.920883291128185], [10.800547782989641, 59.9208893950158], [10.800572195141742, 59.92089432132587], [10.800597451543233, 59.920898022614764], [10.800623308958611, 59.92090046323661], [10.800649518363993, 59.92090161968659], [10.800675827345472, 59.920901480827304], [10.800701982530098, 59.92090004799598], [10.800727732026147, 59.92089733499173], [10.800752827849045, 59.92089336794254], [10.800777028309756, 59.92088818505369], [10.800800100342443, 59.920881836239744], [10.80082182174911, 59.92087438264389], [10.800841983339561, 59.92086589604903], [10.800860390946063, 59.92085645818647], [10.800876867293297, 59.92084615994876], [10.800891253705638, 59.92083510051429], [10.800903411635236, 59.920823386392186], [10.800913223996295, 59.92081113039651], [10.80092059629258, 59.920798450559715], [10.800925457527399, 59.920785468996044], [10.800927760887236, 59.92077231072537], [10.800927484192496, 59.92075910246915], [10.800924630110957, 59.92074597143016], [10.80091922613201, 59.92073304406732], [10.800911324301747, 59.92072044487797], [10.800901000721677, 59.92070829519876], [10.800888354815683, 59.92069671203717], [10.800873508372462, 59.920685806944824], [10.80085660437255, 59.92067568494294], [10.800837805611309, 59.92066644351125], [10.800239792461518, 59.92040002313486], [10.80021928029606, 59.92039175118256], [10.800197251951332, 59.920384528454534], [10.800173919571161, 59.92037842450896], [10.800149507857423, 59.920373498129464], [10.800124251906094, 59.920369796759246], [10.800098394943245, 59.92036735604405], [10.800072185982717, 59.920366199489045], [10.800045877428127, 59.92036633823227], [10.800019722642164, 59.92036777093755], [10.799993973506705, 59.920370483807304], [10.799968877997165, 59.920374450715364], [10.799944677794466, 59.92037963345868], [10.79992160595762, 59.92038598212512], [10.79989988467932, 59.92039343557417], [10.799879723146178, 59.920401922025725], [10.79986131552418, 59.920411359751434], [10.799844839088784, 59.92042165786155], [10.799830452517675, 59.92043271718042], [10.799818294362561, 59.920444431201474], [10.799808481714834, 59.92045668711293], [10.799801109077825, 59.920469366884234], [10.799796247456603, 59.92048234840265], [10.799793943674088, 59.92049550664943], [10.799794219919958, 59.920508714903576], [10.799797073536897, 59.92052184596243], [10.799802477046015, 59.920534773366576], [10.799810378411408, 59.92054737261775], [10.799820701541151, 59.920559522377914], [10.799833347020046, 59.92057110563763], [10.79984819306691, 59.9205820108432], [10.79986509670738, 59.920592132970796], [10.799883895150755, 59.92060137453807], [10.800481908934778, 59.920867796532626]]]}, ""properties"": {}, ""type"": ""Feature""}]"
O16,Alna - Kværnerfossene,OS,Oslo,10.7522,59.9139,,59.9044,10.7944,,FeatureCollection,"[{""geometry"": {""type"": ""Polygon"", ""coordinates"": [[[10.794048773822615, 59.90455719349468], [10.794073225521556, 59.90456109761633], [10.79409830849485, 59.904563809236556], [10.794123792793576, 59.90456530349649], [10.794149444789504, 59.9045655666974], [10.794424050163094, 59.904561776823535], [10.794449271249889, 59.904560828987115], [10.794474202098272, 59.90455869103963], [10.794498620623823, 59.90455538202591], [10.794522309306043, 59.90455093142268], [10.794545057126111, 59.90454537887598], [10.794566661446698, 59.904538773847875], [10.794737974525761, 59.904480662258756], [10.794759068577642, 59.90447272096008], [10.794778507132865, 59.904463777035474], [10.794796102075933, 59.904453917039916], [10.79481168313339, 59.90444323639347], [10.794825099521589, 59.90443183845811], [10.79483622140588, 59.904419833537105], [10.794844941157006, 59.90440733780783], [10.7948511743926, 59.90439447219727], [10.794896520987189, 59.904275722402055], [10.794900174102821, 59.90426279290635], [10.794901315555173, 59.90424974644482], [10.794899934602517, 59.90423670582601], [10.794896044246936, 59.904223793803304], [10.794889681111817, 59.90421113191947], [10.794880905097006, 59.90419883936244], [10.794869798814855, 59.90418703184364], [10.794856466812504, 59.904175820508605], [10.794841034587686, 59.904165310890704], [10.794823647407325, 59.904155601918006], [10.794804468940118, 59.904146784981855], [10.794783679715827, 59.90413894307678], [10.794761475425993, 59.90413215001912], [10.794738065081829, 59.9041264697524], [10.794713669046859, 59.90412195574523], [10.794688516962651, 59.90411865048817], [10.79466284558723, 59.904116585093774], [10.794636896566573, 59.904115779003654], [10.794610914160021, 59.90411623980552], [10.794585142941159, 59.90411796316185], [10.794559825495718, 59.9041209328505], [10.79453520013817, 59.90412512091769], [10.794511498668552, 59.904130487940876], [10.794488944190578, 59.90413698339992], [10.794467749011602, 59.904144546152665], [10.794448112644197, 59.904153105010415], [10.794430219928142, 59.90416257940798], [10.794414239290534, 59.90417288016211], [10.794400321160328, 59.90418391031085], [10.794388596552313, 59.90419556602638], [10.79437917583381, 59.90420773759214], [10.794366579181094, 59.904226687014535], [10.794359484452157, 59.90423940619606], [10.794354905877364, 59.904252413430605], [10.794352887553766, 59.90426558345162], [10.794353067595557, 59.90426981886699], [10.794345797027095, 59.904288857631414], [10.794331358792723, 59.90429375524902], [10.79418667736577, 59.90429575201946], [10.794127066198264, 59.9042846295352], [10.794101995177222, 59.90428064308197], [10.794076266975301, 59.904277910156296], [10.794050129366372, 59.90427645707748], [10.794023834066921, 59.90427629783924], [10.793997634311992, 59.90427743397509], [10.79397178241652, 59.90427985454348], [10.793946527345504, 59.9042835362333], [10.793922112316462, 59.90428844358824], [10.793898772457206, 59.90429452934831], [10.793876732541522, 59.90430173490486], [10.79385620482455, 59.9043099908652], [10.793837386998685, 59.904319217720605], [10.793820460289739, 59.904329326612235], [10.79380558771164, 59.90434022018666], [10.793792912496482, 59.90435179353353], [10.793782556715103, 59.904363935195846], [10.793774620101408, 59.9043765282434], [10.793769179091795, 59.90438945139865], [10.793766286088927, 59.90440258020493], [10.793765968956993, 59.90441578822486], [10.793768230753205, 59.90442894825802], [10.79377304969826, 59.904441933566], [10.793780379385963, 59.90445461909295], [10.793790149230038, 59.904466882669944], [10.793802265143814, 59.90447860619148], [10.79381661044623, 59.90448967675307], [10.793833046985487, 59.90449998773845], [10.793851416469462, 59.90450943984644], [10.793871541990116, 59.90451794204735], [10.793893229727225, 59.90452541245953], [10.79391627081498, 59.90453177913812], [10.793940443353529, 59.90453698076784], [10.794048773822615, 59.90455719349468]]]}, ""properties"": {}, ""type"": ""Feature""}]"
O18,Alna – v Tveita / plantasjen-,OS,Oslo,10.7522,59.9139,,59.9219,10.8369,,FeatureCollection,"[{""geometry"": {""type"": ""Polygon"", ""coordinates"": [[[10.836449173535977, 59.921985296055446], [10.836448801604048, 59.92198884209251], [10.836450049040316, 59.92200220591027], [10.836453932874953, 59.92201544154902], [10.836460414742358, 59.922028418252765], [10.836469430610583, 59.92204100782348], [10.836480891413752, 59.92205308588739], [10.836494683931887, 59.92206453312397], [10.836510671909307, 59.922075236444456], [10.836528697400674, 59.92208509010931], [10.836548582331282, 59.9220939967727], [10.836570130256277, 59.9221018684443], [10.836593128301333, 59.922108627358575], [10.836765212058713, 59.92215359256923], [10.836789119573895, 59.9221591088584], [10.836813988995704, 59.92216342216327], [10.83683958081565, 59.92216649094387], [10.836865648567803, 59.92216828564574], [10.836891941202522, 59.92216878898471], [10.836918205504306, 59.922167996113274], [10.836944188530524, 59.92216591466723], [10.836969640047483, 59.92216256469231], [10.836994314940458, 59.922157978450926], [10.837017975574376, 59.92215220011154], [10.837040394082448, 59.92214528532333], [10.837061354560744, 59.92213730068016], [10.837080655147506, 59.922128323079235], [10.837098109967243, 59.92211843898052], [10.837113550920797, 59.92210774357403], [10.837126829304239, 59.92209633986317], [10.83713781724093, 59.92208433767253], [10.837146408912979, 59.92207185259041], [10.837152521580265, 59.92205900485547], [10.837156096377162, 59.92204591819879], [10.837157098879372, 59.92203271865227], [10.837155519435294, 59.922019533334854], [10.8371513732589, 59.92200648922828], [10.837144700283064, 59.92199371195426], [10.837135564774906, 59.92198132456452], [10.837124054716725, 59.92196944635595], [10.837110280958628, 59.92195819172161], [10.837094376150873, 59.921947669049096], [10.837076493466345, 59.921937979676784], [10.837056805125366, 59.92192921691786], [10.837035500737121, 59.921921465161724], [10.837017247073709, 59.92191610837849], [10.837016659908306, 59.92191231841304], [10.837011843086442, 59.9218989324466], [10.837004359700895, 59.921885858900765], [10.83699428618146, 59.9218732312936], [10.836981725410226, 59.92186117858883], [10.836966805670798, 59.92184982387855], [10.836949679338037, 59.92183928312628], [10.836930521321841, 59.92182966398265], [10.836909527280769, 59.92182106468594], [10.836535945213386, 59.92168322085026], [10.836514005190116, 59.92167592975317], [10.836490747302676, 59.921669753379255], [10.836466395535554, 59.92166475120983], [10.836441184407432, 59.92166097141787], [10.836415356712733, 59.92165845040444], [10.836389161183458, 59.92165721244795], [10.83636285009386, 59.92165726947039], [10.836336676831056, 59.92165862092261], [10.836310893454849, 59.92166125378949], [10.8362857482704, 59.92166514271539], [10.836261483437008, 59.921670250248205], [10.836238332636087, 59.92167652720013], [10.836216518820764, 59.921683913121306], [10.836196252068802, 59.921692336881996], [10.83617772755946, 59.92170171735748], [10.836161123693856, 59.921711964209464], [10.836146600376846, 59.92172297875591], [10.83613429747706, 59.92173465492142], [10.836124333479818, 59.92174688025881], [10.836116804346, 59.921759537031946], [10.836111782587817, 59.92177250334963], [10.836109316570365, 59.921785654339466], [10.83610943004574, 59.92179886335038], [10.836112121924186, 59.92181200317243], [10.836117366284455, 59.921824947261804], [10.836125112623344, 59.92183757095959], [10.836135286341946, 59.92184975269225], [10.836147789463988, 59.92186137514256], [10.836162501579308, 59.92187232637931], [10.836179281003398, 59.92188250093539], [10.836197966141874, 59.92189180082355], [10.836218377046672, 59.92190013648], [10.836449173535977, 59.921985296055446]]]}, ""properties"": {}, ""type"": ""Feature""}]"
O19,Alna - Grorud,OS,Oslo,10.7522,59.9139,,59.9525,10.9017,,FeatureCollection,"[{""geometry"": {""type"": ""Polygon"", ""coordinates"": [[[10.90210472505514, 59.9522552547679], [10.90208217792072, 59.95224984875844], [10.902058725948592, 59.95224551815631], [10.901425102474002, 59.9521450499474], [10.901401105280687, 59.95214184915374], [10.901376620976007, 59.95213977455408], [10.901351859177748, 59.95213884390972], [10.90102802979317, 59.952134211172265], [10.900933503755395, 59.952116006851924], [10.900908484194726, 59.95211188272815], [10.900882779175747, 59.95210900848066], [10.90085663624909, 59.952107411789655], [10.90083030718245, 59.95210710803199], [10.900804045536075, 59.9521081001329], [10.900778104220922, 59.952110378537945], [10.900752733063118, 59.95211392130516], [10.900728176398124, 59.95211869431609], [10.900704670717724, 59.952124651604564], [10.900682442392599, 59.95213173579916], [10.900661705492308, 59.95213987867596], [10.900642659723736, 59.95214900181531], [10.90062548850784, 59.95215901735716], [10.90061035721321, 59.95216982884718], [10.900597411563483, 59.95218133216546], [10.900586776233862, 59.952193416529504], [10.900578553650423, 59.95220596556082], [10.900572823003564, 59.952218858405914], [10.900569639485317, 59.95223197089993], [10.900569033757666, 59.95224517676265], [10.900571011657169, 59.952258348814446], [10.900575554138623, 59.952271360201145], [10.900582617458367, 59.952284085615794], [10.90059213359543, 59.9522964025053], [10.900604010906529, 59.95230819225082], [10.900618135008541, 59.95231934131], [10.900634369880002, 59.952329742310674], [10.900652559171027, 59.95233929508479], [10.900672527709009, 59.95234790763309], [10.900694083185611, 59.95235549701131], [10.900717018008821, 59.95236199012886], [10.900741111302228, 59.95236732445273], [10.900878397295633, 59.95239376372221], [10.90090718199158, 59.95239839257014], [10.900936821950038, 59.95240136844631], [10.900966941123382, 59.95240265359512], [10.90129907111553, 59.952407405214856], [10.90187303502928, 59.95249841380945], [10.902695778455898, 59.95271984376958], [10.90271956820116, 59.95272551076148], [10.902744350867835, 59.952729980920644], [10.902769887782968, 59.952733211196495], [10.902795933009429, 59.95273517047927], [10.902822235714524, 59.9527358398998], [10.902848542585776, 59.95273521301106], [10.902874600270566, 59.952733295850365], [10.90290015781618, 59.95273010688123], [10.902924969086735, 59.95272567681553], [10.902948795133709, 59.9527200483176], [10.902971406497233, 59.952713275593624], [10.90299258541601, 59.95270542386922], [10.903012127924502, 59.95269656876155], [10.903029845817303, 59.95268679555088], [10.903045568461643, 59.952676198359356], [10.903059144440688, 59.95266487924445], [10.903070443011718, 59.95265294721618], [10.90307935536522, 59.952640517187014], [10.903085795672679, 59.95262770886553], [10.903089701913098, 59.95261464560322], [10.903091036470165, 59.952601453206704], [10.903089786494416, 59.95258825872609], [10.903085964026875, 59.95257518923139], [10.903079605882953, 59.95256237058878], [10.903070773297799, 59.95254992624849], [10.903059551336463, 59.95253797605583], [10.903046048074572, 59.95252663509714], [10.903030393557437, 59.952516012591396], [10.903012738547575, 59.95250621083836], [10.902993253072756, 59.95249732423357], [10.902972124788533, 59.95248943835908], [10.902949557171004, 59.95248262915947], [10.90210472505514, 59.9522552547679]]]}, ""properties"": {}, ""type"": ""Feature""}]"
O20,Makrellbekken - Njård,OS,Oslo,10.7522,59.9139,,59.9432,10.6736,,FeatureCollection,"[{""geometry"": {""type"": ""Polygon"", ""coordinates"": [[[10.673545039039176, 59.943359188336785], [10.673838077704241, 59.943040864049024], [10.67384793028644, 59.94302861547212], [10.673855342450887, 59.94301594136489], [10.67386024281694, 59.94300296378632], [10.67386258419423, 59.94298980771796], [10.673862344037026, 59.94297659986004], [10.67385952466125, 59.94296346741154], [10.673854153222043, 59.94295053684493], [10.673846281452152, 59.94293793268842], [10.673835985163581, 59.942925776326476], [10.673823363517403, 59.94291418483096], [10.673808538068691, 59.94290326983369], [10.673791651595792, 59.94289313645141], [10.673772866725296, 59.942883882273335], [10.673752364365782, 59.94287559642149], [10.673730341965587, 59.942868358692415], [10.673707011611304, 59.942862238788656], [10.673682597985293, 59.942857295647606], [10.673657336201959, 59.94285357687384], [10.67363146954353, 59.94285111828074], [10.673605247117232, 59.94284994354563], [10.673578921456357, 59.94285006398162], [10.673552746088328, 59.94285147842887], [10.673526973093235, 59.9428541732656], [10.673501850676269, 59.942858122539334], [10.673477620777474, 59.9428632882168], [10.673454516741835, 59.94286962055025], [10.673432761072135, 59.942877058556455], [10.673412563286176, 59.942885530604094], [10.673394117899068, 59.94289495510344], [10.67337760254996, 59.942905241292195], [10.67336317629128, 59.94291629010948], [10.673350978056956, 59.942927995149844], [10.67304902700201, 59.94325599558282], [10.673040906243552, 59.94326581880287], [10.673034356666623, 59.943275933022825], [10.67285789062057, 59.94359018207408], [10.672852003324408, 59.94360305599481], [10.672848659556792, 59.943616157432324], [10.672847891522993, 59.94362936021285], [10.67284970662266, 59.9436425371865], [10.67285408737845, 59.94365556145169], [10.672860991604207, 59.94366830757745], [10.672870352811152, 59.943680652811246], [10.672882080848082, 59.94369247826126], [10.672896062769501, 59.94370367004132], [10.672912163923264, 59.94371412036779], [10.672930229247294, 59.94372372859761], [10.672950084762894, 59.943732402197476], [10.672971539250236, 59.943740057635125], [10.672994386089933, 59.943746621183806], [10.673018405252936, 59.94375202963221], [10.67304336541958, 59.94375623089349], [10.673069026207404, 59.94375918450669], [10.673095140486252, 59.943760862026515], [10.673121456758397, 59.943761247297324], [10.67314772158068, 59.94376033660867], [10.673173682005453, 59.94375813873105], [10.673199088016709, 59.94375467483146], [10.67322369493798, 59.943749978269516], [10.673247265788834, 59.94374409427611], [10.673269573567177, 59.943737079517945], [10.673290403435514, 59.94372900155165], [10.67330955478998, 59.94371993817321], [10.673326843192317, 59.94370997666867], [10.673342102146123, 59.94369921297347], [10.673355184700265, 59.94368775074872], [10.673365964864109, 59.94367570038248], [10.673374338820762, 59.94366317792704], [10.673545039039176, 59.943359188336785]]]}, ""properties"": {}, ""type"": ""Feature""}]"
T10,Canal de Saint Martory,TO,Toulouse,1.4442,43.6047,,43.5322,1.32265,169.0,FeatureCollection,"[{""geometry"": {""type"": ""Polygon"", ""coordinates"": [[[1.3229774967636376, 43.53289040720224], [1.3229865289827332, 43.532901906129574], [1.3229970668801592, 43.532912705579186], [1.323009008970606, 43.532922701546035], [1.323022240245388, 43.53293179776303], [1.3230366332800245, 43.53293990662819], [1.3230520494614166, 43.532946950048235], [1.323068340322776, 43.53295286019076], [1.3230853489734626, 43.53295758013748], [1.323102911609954, 43.53296106443244], [1.3231208590934016, 43.53296327951974], [1.3231390185785659, 43.532964204066715], [1.3231572151784592, 43.53296382916942], [1.3231752736486513, 43.532962158438316], [1.32319302007501, 43.53295920796361], [1.323210283548642, 43.53295500616015], [1.3232268978118737, 43.5329495934939], [1.3232427028594513, 43.53294302209216], [1.3232575464795007, 43.532935355241506], [1.3232712857194422, 43.532926666778344], [1.3232837882627115, 43.532917040377775], [1.3232949337030537, 43.532906568747784], [1.3233046147040912, 43.53289535273633], [1.3233127380330292, 43.532883500360136], [1.323319225458508, 43.532871125764466], [1.32332401450399, 43.53285834812374], [1.3233270590494115, 43.532845290493846], [1.3233283297752962, 43.5328320786271], [1.3233278144450764, 43.532818839760985], [1.3233255180228929, 43.53280570139306], [1.3233214626257372, 43.532792790052845], [1.32331568731041, 43.53278023008341], [1.3233082476973348, 43.532768142443835], [1.3227479190474818, 43.53196577977842], [1.3227388870233223, 43.53195428083885], [1.3227283493502309, 43.53194348137152], [1.3227164075121678, 43.53193348538071], [1.3227031765157307, 43.53192438913287], [1.3226887837825803, 43.531916280229325], [1.3226733679222964, 43.53190923676283], [1.3226570773975064, 43.531903326565384], [1.3226400690941287, 43.53189860655506], [1.322622506810506, 43.53189512218782], [1.3226045596799685, 43.531892907019795], [1.3225864005420345, 43.5318919823841], [1.3225682042779126, 43.53189235718542], [1.3225501461263414, 43.53189402781426], [1.322532399996004, 43.53189697818161], [1.3225151367907273, 43.53190117987409], [1.3224985227636332, 43.53190659242734], [1.3224827179160663, 43.5319131637159], [1.3224678744567238, 43.53192083045502], [1.322454135335826, 43.53192951881029], [1.3224416328684487, 43.53193914510855], [1.3224304874602557, 43.531949616643736], [1.3224208064479295, 43.53196083256972], [1.3224126830654435, 43.531972684871405], [1.3224061955461521, 43.53198505940501], [1.3224014063693328, 43.53199783699735], [1.3223983616584327, 43.532010894593434], [1.3223970907368443, 43.53202410644162], [1.3223976058454572, 43.53203734530468], [1.3223999020247204, 43.5320504836851], [1.322403957162363, 43.53206339505295], [1.3224097322063, 43.53207595506453], [1.3224171715406876, 43.532088042759746], [1.3229774967636376, 43.53289040720224]]]}, ""properties"": {}, ""type"": ""Feature""}]"
T12,Fossé de Larramet médian,TO,Toulouse,1.4442,43.6047,,43.54003,1.34077,164.0,FeatureCollection,"[{""geometry"": {""type"": ""Polygon"", ""coordinates"": [[[1.341563586998485, 43.54054389444331], [1.3415705629223196, 43.540551993936994], [1.3415816950176225, 43.540562473967775], [1.341594185592185, 43.54057210978172], [1.3416079143550161, 43.54058080858016], [1.3416227490904546, 43.540588486588476], [1.3416385469314869, 43.54059506986281], [1.3416551557356466, 43.54060049500221], [1.3416724155502502, 43.54060470975929], [1.3416901601528672, 43.54060767354334], [1.3417082186521705, 43.540609357811306], [1.3417264171337437, 43.540609746342675], [1.3417445803350376, 43.54060883539559], [1.341762533333274, 43.540606633743074], [1.341780103230102, 43.54060316258838], [1.3417971208167525, 43.540598455360886], [1.34181342220364, 43.540592557394056], [1.3418288503987572, 43.5405855254889], [1.3418432568196152, 43.54057742736695], [1.3418565027241927, 43.54056834101796], [1.3418684605471185, 43.54055835394895], [1.3418790151281876, 43.54054756234128], [1.3418880648214186, 43.54053607012449], [1.3418955224739435, 43.540523987975305], [1.3419013162653046, 43.54051143225176], [1.341905390399109, 43.54049852387265], [1.341907705640326, 43.540485387152906], [1.341908239693109, 43.540472148606426], [1.3419069874154643, 43.5404589357277], [1.3419039608687318, 43.5404458757639], [1.3418968987900994, 43.540422473877335], [1.3418924012952618, 43.540410311258476], [1.3418863647585193, 43.540398506604234], [1.3418788417556728, 43.54038716272656], [1.3418698978087047, 43.54037637842422], [1.3418596108150969, 43.54036624762233], [1.3418480703693578, 43.54035685855444], [1.3418353769827076, 43.54034829299381], [1.3418216412076591, 43.540340625541546], [1.3418069826751817, 43.54033392297664], [1.340753085727287, 43.539900561019046], [1.3407368159862352, 43.539894617280325], [1.340719823740959, 43.53988986225319], [1.3407022726351578, 43.53988634173096], [1.3406843316945167, 43.53988408961783], [1.340666173698945, 43.539883127602806], [1.3406479735186452, 43.53988346495051], [1.340629906430076, 43.53988509841216], [1.3406121464279839, 43.5398880122567], [1.340594864549784, 43.539892178422434], [1.3405782272284286, 43.539897556787174], [1.3405623946895877, 43.539904095554704], [1.3405475194086385, 43.53991173175349], [1.340533744642253, 43.53992039184321], [1.3405212030487852, 43.539929992422906], [1.3405100154106975, 43.53994044103426], [1.3405002894713622, 43.53995163705186], [1.3404921188974204, 43.53996347265234], [1.3404855823766992, 43.5399758338528], [1.3404807428603804, 43.53998860160841], [1.3404776469567092, 43.54000165295893], [1.340476324482087, 43.54001486221294], [1.3404767881738868, 43.54002810215808], [1.3404790335677315, 43.54004124528651], [1.3404830390404443, 43.54005416502253], [1.3404887660182427, 43.54006673694189], [1.3404961593481879, 43.54007883996978], [1.3405051478292969, 43.54009035754712], [1.340515644898212, 43.540101178752934], [1.3405275494628326, 43.540111199372674], [1.3405407468758759, 43.5401203229018], [1.3405551100389725, 43.54012846147532], [1.3405705006267112, 43.54013553671381], [1.341563586998485, 43.54054389444331]]]}, ""properties"": {}, ""type"": ""Feature""}]"
T13,Ruisseau du Roussimort aval,TO,Toulouse,1.4442,43.6047,,43.5353,1.37785,155.0,FeatureCollection,"[{""geometry"": {""type"": ""Polygon"", ""coordinates"": [[[1.3776987211438285, 43.53546738784708], [1.3777019912108084, 43.535478761909474], [1.3777065940387017, 43.535489889161624], [1.377712495504861, 43.53550068711084], [1.3777196518590207, 43.535511075705664], [1.3779663897324452, 43.53583377174988], [1.3779975766954053, 43.535875816125845], [1.3780117618286345, 43.53589205230587], [1.3780808320113649, 43.53595989194665], [1.3780932970002702, 43.535970872477336], [1.3781072830507979, 43.535980836292026], [1.3781226344303823, 43.53598967244463], [1.378226796941057, 43.53604337880202], [1.3782492328082918, 43.536053290822046], [1.3784057547159996, 43.53611184263882], [1.37842233369239, 43.53611731375345], [1.3784395699623861, 43.536121576302676], [1.3784572975303109, 43.53612458923549], [1.3784753456688903, 43.53612632353557], [1.378493540563498, 43.53612676250045], [1.3785117069861217, 43.53612590190271], [1.3785296699829637, 43.53612375003041], [1.3785472565593786, 43.53612032760739], [1.3785642973459562, 43.536115667593684], [1.3785806282296809, 43.536109814868084], [1.3785960919344644, 43.53610282579595], [1.3786105395358323, 43.5360947676862], [1.3786238318951645, 43.536085718143354], [1.378635840999694, 43.536075764319904], [1.3786464511953405, 43.53606500207707], [1.3786555603005106, 43.536053535061555], [1.3786630805901599, 43.53604147370744], [1.378668939640594, 43.53602893417244], [1.3786730810269343, 43.53601603721948], [1.3786754648664674, 43.53600290705344], [1.378676068202703, 43.53598967012512], [1.3786748852264108, 43.535976453913406], [1.37867192733152, 43.535963385697585], [1.3786672230053398, 43.53595059133159], [1.3786608175541688, 43.53593819403189], [1.37865277266693, 43.53592631319099], [1.378643165821035, 43.53591506322747], [1.3786320895362043, 43.53590455248425], [1.3786196504834378, 43.535894882185055], [1.3786059684576923, 43.53588614545971], [1.3785911752241995, 43.53587842644718], [1.3785754132494863, 43.53587179948533], [1.378430592893776, 43.53581762507361], [1.3783613350113366, 43.5357819156813], [1.3783177873456467, 43.535739144066916], [1.3782923321173117, 43.53570482712852], [1.3782911921553818, 43.535703313548964], [1.3780595657057626, 43.5354003833667], [1.3780247014741978, 43.535246279372025], [1.3780208670798764, 43.53523333229069], [1.3780153068168808, 43.53522072098092], [1.3780080742345864, 43.53520856689624], [1.377999238987554, 43.535196987086806], [1.3779888861646936, 43.53518609307209], [1.3779771154697826, 43.53517598976699], [1.3779640402612514, 43.53516677447142], [1.377949786460466, 43.535158535933235], [1.3779344913390397, 43.53515135349358], [1.3779183021968482, 43.53514529632289], [1.3779013749434652, 43.53514042275462], [1.3778838725966955, 43.5351367797236], [1.3778659637126638, 43.53513440231396], [1.3778478207625624, 43.53513331342126], [1.3778296184717036, 43.5351335235321], [1.3778115321368718, 43.53513503062299], [1.3777937359381576, 43.53513782017994], [1.3777764012615625, 43.535141865338154], [1.3777596950484996, 43.53514712714085], [1.3777437781880895, 43.535153554914324], [1.3777288039677476, 43.53516108675598], [1.3777149165969698, 43.53516965013049], [1.3777022498185236, 43.5351791625684], [1.3776909256204506, 43.535189532460166], [1.3776810530612467, 43.535200659938475], [1.3776727272195604, 43.53521243784007], [1.3776660282785147, 43.53522475273776], [1.3776610207534687, 43.535237486032585], [1.3776577528706735, 43.53525051509626], [1.3776562561027732, 43.535263714451915], [1.3776565448656781, 43.5352769569826], [1.3776586163796727, 43.535290115155554], [1.3776987211438285, 43.53546738784708]]]}, ""properties"": {}, ""type"": ""Feature""}]"
T14,Canal agricole (depuis la Saudrune),TO,Toulouse,1.4442,43.6047,,43.53855,1.42074,145.0,FeatureCollection,"[{""geometry"": {""type"": ""Polygon"", ""coordinates"": [[[1.4219694239335474, 43.537847834252354], [1.4219529954427605, 43.53785227860767], [1.421937216837252, 43.53785783106097], [1.4217635439072098, 43.53792649194719], [1.4217632572630756, 43.537926605508154], [1.4216407403379239, 43.53797524513123], [1.4214884825999723, 43.53803547122665], [1.4214879889159964, 43.53803566721047], [1.4213413480678248, 43.53809409091757], [1.4211973909099955, 43.53815081437441], [1.421196654253758, 43.538151106207295], [1.421078096177869, 43.53819832705353], [1.4209100852777354, 43.53826499156937], [1.4208945494677645, 43.538271896195184], [1.4208800187565953, 43.538279875362996], [1.4208666330825825, 43.53828885222945], [1.420854521356984, 43.53829874034294], [1.420843800222479, 43.53830944447594], [1.4208345729298297, 43.538320861542275], [1.4208269283435089, 43.53833288158976], [1.4208209400858567, 43.538345388859085], [1.4208166658280326, 43.53835826289875], [1.4208141467345698, 43.5383713797249], [1.4208134070668994, 43.53838461301546], [1.4208144539496521, 43.53839783532664], [1.4208172773019947, 43.53841091932031], [1.4208218499346743, 43.53842373899031], [1.4208281278118127, 43.538436170876], [1.4208360504749595, 43.5384480952512], [1.4208455416253016, 43.5384593972773], [1.4208565098584334, 43.53846996810922], [1.4208688495446127, 43.53847970594358], [1.4208824418460153, 43.53848851699928], [1.4208971558612062, 43.53849631642055], [1.4209128498858004, 43.53850302909429], [1.4209293727771624, 43.53850859037335], [1.4209465654100197, 43.53851294669925], [1.4209642622089562, 43.53851605611783], [1.4209822927430282, 43.53851788868354], [1.4210004833671532, 43.538518426747615], [1.421018658894452, 43.53851766512819], [1.4210366442834366, 43.538515611160086], [1.4210542663238097, 43.538512284624346], [1.4210713553046126, 43.53850771755751], [1.4210877466486822, 43.53850195394323], [1.4212558876766954, 43.53843523770116], [1.4212561468474076, 43.538435134670344], [1.4213744669185198, 43.53838800855405], [1.4215184345532303, 43.53833128088994], [1.4215191912719627, 43.53833098106313], [1.421665963784565, 43.53827250481776], [1.4218180999756662, 43.53821232671672], [1.4218183499879433, 43.53821222764215], [1.4219408489729983, 43.53816359507368], [1.4220989267608717, 43.53810109959441], [1.4221539210401433, 43.53808833862898], [1.4221709732667709, 43.53808369967391], [1.4221873183521518, 43.53807786712975], [1.422202798883429, 43.53807089716744], [1.4222172657740726, 43.53806285691195], [1.4222305796996937, 43.5380538237958], [1.4222426124398269, 43.53804388481325], [1.42225324811276, 43.53803313568266], [1.4222623842915416, 43.53802167992446], [1.4222699329903832, 43.53800962786426], [1.4222758215119988, 43.53799709557032], [1.4222799931476768, 43.53798420373579], [1.422282407723386, 43.537971076516286], [1.4222830419866324, 43.53795784033422], [1.4222818898303398, 43.5379446226613], [1.4222789623516217, 43.53793155079091], [1.422274287744868, 43.53791875061212], [1.4222679110301633, 43.53790634539746], [1.4222598936196862, 43.53789445461556], [1.422250312726234, 43.53788319278083], [1.4222392606195973, 43.537872668350474], [1.4222268437379282, 43.53786298268005], [1.4222131816626715, 43.53785422904738], [1.4221984059669233, 43.53784649175433], [1.4221826589483213, 43.53783984531473], [1.4221660922586528, 43.537834353737075], [1.4221488654433874, 43.53783006990794], [1.4221311444052, 43.53782703508257], [1.4221130998062759, 43.537825278487865], [1.4220949054247793, 43.537824817040644], [1.4220767364813216, 43.53782565518483], [1.4220587679515417, 43.53782778484874], [1.4220411728810374, 43.53783118552267], [1.4219694239335474, 43.537847834252354]]]}, ""properties"": {}, ""type"": ""Feature""}]"
T17,Fossé de pluvial avant rejet dans fossé de Larramet,TO,Toulouse,1.4442,43.6047,,43.5786,1.35861,159.0,FeatureCollection,"[{""geometry"": {""type"": ""Polygon"", ""coordinates"": [[[1.3585886288276678, 43.5782963820191], [1.3585883679711828, 43.57829616836749], [1.3583823703087283, 43.57812780682169], [1.3583812482096986, 43.578126898041354], [1.358275615345393, 43.57804212126449], [1.3581530054925448, 43.577936737692276], [1.3581405718600477, 43.57792705723489], [1.3581268929433594, 43.57791830939112], [1.3581121004777699, 43.577910578407064], [1.3580963369224148, 43.577903938735844], [1.3580797540883371, 43.57789845432077], [1.3580625116764868, 43.57789417797935], [1.3580447757397376, 43.57789115089485], [1.3580267170837543, 43.5778894022195], [1.3580085096220769, 43.57788894879392], [1.3579903287012838, 43.57788979498479], [1.3579723494123601, 43.57789193264288], [1.35795474490452, 43.57789534118154], [1.357937684717726, 43.57789998777491], [1.3579213331499773, 43.57790582767405], [1.3579058476750547, 43.577912804637926], [1.3578913774260002, 43.57792085147495], [1.357878061758898, 43.577929890690186], [1.3578660289108189, 43.57793983523145], [1.357855394764825, 43.577950589327855], [1.357846261733946, 43.57796204941205], [1.3578387177748763, 43.57797410511752], [1.357832835540874, 43.57798664034161], [1.3578286716820456, 43.57799953436352], [1.3578262662997271, 43.57801266300702], [1.3578256425602588, 43.57802589983616], [1.3578268064718193, 43.578039117373095], [1.3578297468265248, 43.5780521883257], [1.3578344353083223, 43.57806498681337], [1.357840826765638, 43.57807738957942], [1.3578488596461702, 43.578089277178165], [1.3578584565896439, 43.57810053512513], [1.3578695251727944, 43.578111054999766], [1.3579941709852985, 43.578218188949315], [1.3579983237686641, 43.5782216377647], [1.3581055093588694, 43.5783076610445], [1.3583108180476124, 43.578475460175504], [1.3586919966216626, 43.5787883255462], [1.3587047308501479, 43.578797797368935], [1.358718680813121, 43.5788063161725], [1.3587337121645997, 43.57881379991568], [1.3587496801440067, 43.57882017652552], [1.3587664309703111, 43.57882538459136], [1.3587838033230468, 43.57882937395635], [1.3588016298959518, 43.57883210620051], [1.3588197390082568, 43.57883355501058], [1.3588379562581099, 43.57883370643364], [1.3588561062022029, 43.578832559011424], [1.3588740140454405, 43.57883012379427], [1.3588915073243522, 43.57882642423485], [1.3589084175680586, 43.578821495962195], [1.3589245819207811, 43.57881538643857], [1.3589398447102585, 43.57880815450242], [1.3589540589469848, 43.57879986980165], [1.358967087739824, 43.578790612122944], [1.3589788056143506, 43.57878047062325], [1.3589890997212386, 43.57876954297122], [1.3589978709230583, 43.57875793440657], [1.3590050347490004, 43.57874575672648], [1.3590105222083582, 43.578733127209006], [1.3590142804549044, 43.57872016748363], [1.3590162732958009, 43.5787070023597], [1.3590164815400994, 43.578693758624716], [1.3590149031835272, 43.578680563823056], [1.3590115534277334, 43.57866754502782], [1.359006464533847, 43.57865482761696], [1.358999685511738, 43.57864253406581], [1.3589912816479843, 43.57863078276769], [1.3589813338770973, 43.57861968689367], [1.3589699380020466, 43.5786093533026], [1.3585886288276678, 43.5782963820191]]]}, ""properties"": {}, ""type"": ""Feature""}]"
T18,Ousseau,TO,Toulouse,1.4442,43.6047,,43.57882,1.35262,153.0,FeatureCollection,"[{""geometry"": {""type"": ""Polygon"", ""coordinates"": [[[1.3524361919406633, 43.578563028671645], [1.3524617741864435, 43.57880395860432], [1.3524598370149004, 43.57897929471933], [1.3524586874124531, 43.578997199033424], [1.3523963735254043, 43.5792089658347], [1.3523934411729315, 43.57922203775507], [1.3523922853885648, 43.57923525568105], [1.3523929173043598, 43.57924849231681], [1.3523953308358523, 43.5792616201863], [1.3523995027406055, 43.57927451286083], [1.352405392841995, 43.57928704617671], [1.3524129444161026, 43.57929909943093], [1.3524220847379484, 43.579310556543746], [1.3524327257818491, 43.57932130717648], [1.3524447650691245, 43.57933124779423], [1.3524580866550158, 43.579340282662926], [1.3524725622452813, 43.579348324771395], [1.35248805243175, 43.579355296669306], [1.3525044080349087, 43.57936113121302], [1.3525214715406055, 43.57936577221233], [1.352539078617022, 43.57936917497163], [1.3525570596973195, 43.579371306720155], [1.3525752416126955, 43.57937214692793], [1.3525934492601446, 43.579371687503205], [1.3526115072888376, 43.579369932870534], [1.3526292417889003, 43.57936689992809], [1.3526464819662976, 43.579362617885], [1.3526630617877236, 43.579357127979954], [1.352678821579625, 43.579350483084085], [1.3526936095659776, 43.5793427471918], [1.3527072833300002, 43.57933399480438], [1.3527197111857137, 43.57932431021259], [1.3527307734461582, 43.57931378668477], [1.3527403635760415, 43.57930252556874], [1.3527483892177214, 43.579290635315594], [1.3527547730806333, 43.57927823043536], [1.3527594536856187, 43.57926543039409], [1.3528249597890947, 43.57904281036497], [1.352827531806683, 43.57903189888806], [1.3528288650535418, 43.57902087087333], [1.352830893436557, 43.57898927694582], [1.352831089335553, 43.57898406793782], [1.3528331175717818, 43.57880038188929], [1.35283257283637, 43.578788910649074], [1.3528062017281175, 43.57854056642598], [1.35280578528019, 43.57853719584479], [1.3527763715750427, 43.57832852713873], [1.3527736273305928, 43.57831543366282], [1.3527691309736052, 43.57830259878483], [1.3527629258075393, 43.578290146111414], [1.3527550715924808, 43.57827819556834], [1.3527456439695895, 43.578266862245506], [1.3527347337325977, 43.5782562552886], [1.3527224459534035, 43.57824647684796], [1.3527088989701448, 43.57823762109486], [1.3526942232475485, 43.57822977331456], [1.3526785601204792, 43.57822300908505], [1.35266206043282, 43.57821739354913], [1.352644883084798, 43.578212980787164], [1.3526271935027032, 43.57820981329611], [1.3526091620457898, 43.578207921580486], [1.3525909623656662, 43.57820732385835], [1.3525727697339718, 43.57820802588611], [1.3525547593544698, 43.57821002090285], [1.3525371046757855, 43.57821328969567], [1.3525199757210427, 43.57821780078445], [1.3525035374504921, 43.57822351072534], [1.3524879481728922, 43.57823036452874], [1.3524733580209372, 43.57823829618928], [1.3524599075054158, 43.57824722932113], [1.3524477261620353, 43.5782570778938], [1.352436931303921, 43.578267747060664], [1.3524276268918263, 43.57827913407224], [1.352419902532914, 43.57829112926575], [1.3524138326177728, 43.57830361712133], [1.3524094756039604, 43.578316477374386], [1.352406873452995, 43.578329586173844], [1.3524060512261926, 43.57834281727497], [1.3524070168432745, 43.57835604325502], [1.3524361919406633, 43.578563028671645]]]}, ""properties"": {}, ""type"": ""Feature""}]"
T19,Touch,TO,Toulouse,1.4442,43.6047,,43.58253,1.35047,140.0,FeatureCollection,"[{""geometry"": {""type"": ""Polygon"", ""coordinates"": [[[1.3504373993622272, 43.583156668743214], [1.3504382217390842, 43.583170369556285], [1.3504409525126881, 43.58318393897239], [1.3504455634891621, 43.5831972368874], [1.3504520070614623, 43.58321012600038], [1.3504602167008741, 43.58322247323113], [1.3504701076438712, 43.583234151094295], [1.3504815777672659, 43.58324503901573], [1.3504945086426043, 43.58325502457733], [1.350755055065202, 43.5834367676771], [1.3507688378598914, 43.583445476896756], [1.350783731017917, 43.58345315966367], [1.3511504263635392, 43.58362325211861], [1.3511662482013933, 43.58362982014584], [1.3511828794692662, 43.58363522921179], [1.3512001599981351, 43.58363942722381], [1.3512179233660786, 43.583642373752475], [1.3512359985010405, 43.583644040420914], [1.351254211328396, 43.58364441117807], [1.3512723864474327, 43.58364348245334], [1.3512903488206, 43.5836412631909], [1.3513079254592593, 43.583637774763616], [1.3513249470897113, 43.583633050767176], [1.3513412497834332, 43.58362713669658], [1.3513566765358298, 43.583620089507924], [1.3513710787783075, 43.583611977069914], [1.35138431780909, 43.583602877510174], [1.351396266129008, 43.58359287846299], [1.351406808669378, 43.583582076225014], [1.3514158439001818, 43.5835705748282], [1.3514232848078322, 43.583558485037685], [1.3514290597331446, 43.5835459232851], [1.3514331130614152, 43.58353301054726], [1.3514354057579856, 43.5835198711811], [1.3514359157441298, 43.583506631726024], [1.3514346381096332, 43.58349341968521], [1.3514315851600318, 43.58348036229782], [1.3514267862980647, 43.58346758531345], [1.3514202877404546, 43.58345521178123], [1.3514121520727855, 43.58344336086469], [1.3514024576467245, 43.583432146694285], [1.3513912978254266, 43.58342167726819], [1.3513787800843817, 43.58341205341224], [1.351365024976347, 43.583403367808984], [1.3513501649703596, 43.58339570410503], [1.3509989214905054, 43.58323277936614], [1.3508092867758679, 43.5831005009805], [1.3508119253437412, 43.582834741159964], [1.3508111627039407, 43.582821508129726], [1.3508086194588713, 43.5828083931603], [1.350804320102563, 43.58279552255586], [1.3507983060412565, 43.58278302026719], [1.3507906351946182, 43.582771006697826], [1.3507813814378868, 43.5827595975447], [1.350770633890395, 43.582748902683754], [1.3507584960572776, 43.5827390251119], [1.3507450848326392, 43.58273005995511], [1.3507305293738006, 43.58272209355226], [1.3507149698574474, 43.58271520262373], [1.3506985561296643, 43.582709453532544], [1.3506814462628514, 43.582704901645165], [1.3506638050334416, 43.58270159079851], [1.3506458023350367, 43.582699552877585], [1.3506276115422915, 43.582698807508564], [1.3506094078412592, 43.58269936186967], [1.3505913665423053, 43.58270121062218], [1.3505736613918153, 43.58270433596171], [1.3505564628989712, 43.582708707789756], [1.3505399366936983, 43.58271428400349], [1.3505242419315937, 43.582721010901324], [1.350509529761197, 43.58272882369989], [1.3504959418683782, 43.58273764715819], [1.3504836091118342, 43.5827473963019], [1.350472650262856, 43.58275797724194], [1.3504631708614894, 43.5827692880785], [1.3504552622001171, 43.58278121988245], [1.3504490004442398, 43.58279365774439], [1.3504444458989302, 43.58280648188119], [1.3504416424280294, 43.58281956878964], [1.3504406170316656, 43.58283279243575], [1.3504373993622272, 43.583156668743214]]]}, ""properties"": {}, ""type"": ""Feature""}]"
T20,Canal de Moulin,TO,Toulouse,1.4442,43.6047,,43.5828,1.3493,150.0,FeatureCollection,"[{""geometry"": {""type"": ""Polygon"", ""coordinates"": [[[1.3494493021971794, 43.58306430019645], [1.3495445727123832, 43.583154226800694], [1.3496140577703768, 43.58329869383113], [1.3496192080917984, 43.5833082248695], [1.349625337662914, 43.58331744461523], [1.3496627783838526, 43.58336870111276], [1.3496717758914465, 43.58337972141125], [1.3496821706973892, 43.58339007168416], [1.349693869082626, 43.58339965861322], [1.3497067655748383, 43.58340839576244], [1.349720743899386, 43.58341620435737], [1.349735678027636, 43.58342301399543], [1.3499708382368116, 43.58351924738721], [1.3499871346950905, 43.583525170487064], [1.350004151336166, 43.583529903911455], [1.3500217242795671, 43.58353340207462], [1.3500396842871822, 43.58353563128713], [1.3500578583931562, 43.58353657008022], [1.3500760715696947, 43.58353620941279], [1.3500941484127202, 43.58353455275829], [1.35011191483116, 43.58353161607129], [1.3501291997235807, 43.58352742763393], [1.3501458366260335, 43.58352202778342], [1.3501616653152302, 43.58351546852359], [1.3501765333516131, 43.58350781302413], [1.3501902975474567, 43.58349913501211], [1.3502028253458547, 43.583489518062], [1.350213996097329, 43.58347905479074], [1.3502237022217407, 43.58346784596582], [1.3502318502443396, 43.58345599953476], [1.3502383616959532, 43.583443629585545], [1.3502431738686598, 43.583430855247855], [1.3502462404196651, 43.583417799545785], [1.3502475318175722, 43.583404588213014], [1.3502470356267304, 43.58339134848202], [1.3502447566269589, 43.583378207858566], [1.3502407167674675, 43.583365292893966], [1.3502349549554193, 43.58335272796615], [1.350227526681203, 43.583340634082], [1.3502185034839815, 43.58332912771185], [1.3502079722627047, 43.58331831966797], [1.350196034439198, 43.58330831403724], [1.3501828049814024, 43.583299207178946], [1.3501684112961618, 43.58329108679662], [1.3501529920022284, 43.58328403109354], [1.3499652256088561, 43.58320719260574], [1.349959911823145, 43.58319991806559], [1.349885199242976, 43.58304458434168], [1.3498776816867026, 43.58303127747377], [1.3498682584952515, 43.58301862784151], [1.3498570367242906, 43.58300677915412], [1.3497338585253602, 43.58289051085997], [1.3497237333472247, 43.582881748734124], [1.3497126234895422, 43.58287364162099], [1.3493866868659508, 43.58265515708017], [1.3493727027485027, 43.58264666708503], [1.349357641225409, 43.58263921437723], [1.3493416473469164, 43.582632870729974], [1.3493248751421543, 43.58262769723567], [1.3493074861357663, 43.58262374371755], [1.349289647792375, 43.58262104824991], [1.3492715319038506, 43.582619636791364], [1.3492533129348965, 43.58261952293497], [1.349235166342914, 43.58262070777717], [1.3492172668882898, 43.5826231799074], [1.3491997869514096, 43.58262691551787], [1.3491828948725857, 43.58263187863284], [1.3491667533308858, 43.58263802145514], [1.3491515177774775, 43.582645284826384], [1.349137334938578, 43.58265359879682], [1.3491243414024179, 43.58266288329878], [1.3491126623038319, 43.582673048917904], [1.3491024101191427, 43.58268399775421], [1.3490936835829472, 43.58269562436481], [1.3490865667372252, 43.58270781677951], [1.3490811281219464, 43.58272045757901], [1.3490774201149633, 43.582733425025786], [1.3490754784275403, 43.58274659423641], [1.349075321760391, 43.58275983838428], [1.3490769516235406, 43.582773029921015], [1.3490803523217265, 43.58278604180483], [1.3490854911055123, 43.58279874872402], [1.349092318486639, 43.58281102830371], [1.3491007687145777, 43.58282276228456], [1.349110760409718, 43.5828338376615], [1.3491221973470646, 43.582844147772164], [1.3491349693829207, 43.58285359332416], [1.3494493021971794, 43.58306430019645]]]}, ""properties"": {}, ""type"": ""Feature""}]"
T4,Hers,TO,Toulouse,1.4442,43.6047,,43.56499,1.49464,140.0,FeatureCollection,"[{""geometry"": {""type"": ""Polygon"", ""coordinates"": [[[1.4943950398937367, 43.56477706434964], [1.4943102588698476, 43.56495784822174], [1.4942901227801264, 43.564994324179686], [1.494284110974921, 43.565007003164254], [1.494279859407766, 43.56502005341992], [1.49427741006361, 43.56503334607695], [1.4942767871307157, 43.56504674987178], [1.494282279203998, 43.565297495787746], [1.4942837563735196, 43.56531247431365], [1.494287512861588, 43.565327240784946], [1.4942935021617192, 43.565341612381324], [1.4943154735811992, 43.565385393342204], [1.4943225496065533, 43.56539759750476], [1.49433123663351, 43.5654092385682], [1.4943414510019255, 43.565420204422274], [1.4943530943423033, 43.56543038945943], [1.4943660545231359, 43.56543969559172], [1.4943802067307828, 43.565448033195516], [1.4943954146714895, 43.56545532197471], [1.4944115318839915, 43.56546149173393], [1.4944284031500237, 43.56546648305466], [1.4944458659891882, 43.56547024786738], [1.4944637522237663, 43.56547274991468], [1.4944818895983993, 43.56547396510029], [1.4945001034390413, 43.56547388172122], [1.4945182183352206, 43.565472500580434], [1.4945360598293782, 43.56546983497924], [1.4945534560970415, 43.56546591058894], [1.4945702396016292, 43.56546076520386], [1.494586248707955, 43.56545444837719], [1.4946013292389033, 43.565447020943836], [1.4946153359602607, 43.56543855443446], [1.4946281339794183, 43.565429130386654], [1.494639600044472, 43.56541883955957], [1.4946496237312006, 43.56540778106], [1.4946581085065085, 43.56539606138776], [1.4946649726580685, 43.56538379341004], [1.4946701500812303, 43.56537109527454], [1.4946735909156095, 43.56535808927152], [1.4946752620252368, 43.565344900656015], [1.4946751473176196, 43.565331656441714], [1.4946732478986897, 43.565318484177624], [1.4946695820620923, 43.56530551071982], [1.494664185112972, 43.565292861009496], [1.494652938332683, 43.56527045059281], [1.4946485387036557, 43.56506964055569], [1.4946565790940136, 43.565055075448576], [1.49466000494527, 43.56504835922369], [1.4947561298551488, 43.564843383323606], [1.4947615476673204, 43.5648294114693], [1.4947648704060155, 43.56481509730105], [1.494766059630331, 43.564800606426886], [1.494768804959266, 43.564456325213186], [1.4947680167447597, 43.56444309315219], [1.4947654487270716, 43.56442998098686], [1.4947611256387985, 43.56441711499439], [1.4947550891147372, 43.564404619081095], [1.4947473972908734, 43.56439261358916], [1.4947381242444693, 43.564381214137704], [1.4947273592806227, 43.56437053050924], [1.494715206072193, 43.5643606655925], [1.494701781661354, 43.564351714391606], [1.4946872153324158, 43.56434376311101], [1.4946716473667434, 43.564336888325464], [1.49465522769179, 43.56433115624249], [1.4946381144372303, 43.5643266220648], [1.4946204724121197, 43.56432332945875], [1.4946024715177233, 43.56432131013366], [1.4945842851113202, 43.56432058353664], [1.4945660883367222, 43.56432115666512], [1.4945480564375893, 43.56432302399964], [1.4945303630697855, 43.56432616755685], [1.49451317862902, 43.56433055706282], [1.4944966686098935, 43.564336150244465], [1.4944809920121211, 43.56434289323675], [1.4944662998093179, 43.564350721101405], [1.4944527334950537, 43.56435955845225], [1.4944404237202191, 43.564369320181235], [1.4944294890347833, 43.56437991227801], [1.4944200347460834, 43.56439123273534], [1.4944121519046596, 43.56440317253149], [1.4944059164273518, 43.56441561668003], [1.494401388366159, 43.564428445337285], [1.494398611329864, 43.56444153495654], [1.4943976120640197, 43.56445475947771], [1.4943950398937367, 43.56477706434964]]]}, ""properties"": {}, ""type"": ""Feature""}]"
T11,Fossé de Larramet amont,TO,Toulouse,1.4442,43.6047,,43.52992,1.32597,172.0,FeatureCollection,"[{""geometry"": {""type"": ""Polygon"", ""coordinates"": [[[1.3263408225343847, 43.53065097827959], [1.3263508693346504, 43.5306620224873], [1.3263623556112132, 43.530672297028005], [1.3263751707452025, 43.53068170295182], [1.3263891913198829, 43.53069014967404], [1.3264042823092266, 43.5306975558477], [1.3264202983782944, 43.53070385014687], [1.3264370852829137, 43.53070897195358], [1.3264544813551535, 43.53071287194173], [1.32647231906031, 43.53071551255205], [1.3264904266104025, 43.53071686835381], [1.3265086296186188, 43.53071692628979], [1.3265267527788094, 43.530715685802086], [1.3265446215538248, 43.53071315883732], [1.3265620638564568, 43.5307093697317], [1.3265789117067632, 43.53070435497669], [1.3265950028498605, 43.530698162867445], [1.326610182318553, 43.530690853037704], [1.3266243039257766, 43.530682495885564], [1.326637231672484, 43.530673171895444], [1.3266488410573976, 43.53066297086291], [1.326659020276022, 43.530651991029984], [1.3266676712973808, 43.530640338138824], [1.3266747108080816, 43.53062812441357], [1.3266800710146505, 43.530615467479414], [1.3266837002963854, 43.53060248922981], [1.32668556370245, 43.530589314652545], [1.32668564328843, 43.530576070626125], [1.3266839382891003, 43.53056288469779], [1.326680465125744, 43.53054988385507], [1.326675257247962, 43.5305371933031], [1.3266683648114943, 43.53052493525854], [1.32665985419515, 43.530513227772744], [1.3260277311614412, 43.529738225026975], [1.3260176845848413, 43.52972718079658], [1.3260061985588745, 43.52971690622627], [1.3259933837004978, 43.52970750026534], [1.3259793634238153, 43.529699053497865], [1.3259642727515264, 43.52969164727036], [1.3259482570145946, 43.52968535290841], [1.3259314704526461, 43.52968023102979], [1.325914074728586, 43.52967633096067], [1.325896237371733, 43.529673690260566], [1.3258781301644493, 43.52967233436066], [1.325859927487836, 43.52967227631894], [1.3258418046423905, 43.529673516694395], [1.3258239361598132, 43.52967604354158], [1.325806494122216, 43.52967983252578], [1.3257896465049315, 43.52968484715725], [1.3257735555588437, 43.52969103914266], [1.3257583762478673, 43.5296983488502], [1.3257442547565854, 43.529706705883825], [1.325731327082429, 43.52971602976119], [1.325719717725954, 43.5297262306887], [1.3257095384918411, 43.52973721042637], [1.3257008874121379, 43.52974886323368], [1.3256938478021472, 43.52976107688813], [1.3256884874580228, 43.52977373376592], [1.3256848580038252, 43.52978671197462], [1.325682994394316, 43.52979988652721], [1.3256829145782771, 43.5298131305456], [1.3256846193256084, 43.52982631648267], [1.3256880922198713, 43.52983931735056], [1.325693299816337, 43.52985200794363], [1.3257001919640317, 43.52986426604428], [1.3257087022886829, 43.52987597359996], [1.3263408225343847, 43.53065097827959]]]}, ""properties"": {}, ""type"": ""Feature""}]"
T25,Ruisseau de l’Armurié,TO,Toulouse,1.4442,43.6047,,43.64862,1.51501,137.0,FeatureCollection,"[{""geometry"": {""type"": ""Polygon"", ""coordinates"": [[[1.5149159856848902, 43.64846930800909], [1.5147991545846264, 43.64848729000384], [1.5146279885984726, 43.648496443419475], [1.5146275383778236, 43.64849646789474], [1.5145125284372907, 43.64850282209976], [1.5143884543221313, 43.64848912183333], [1.5143880179768197, 43.648489074036554], [1.5142116348222663, 43.648469908544925], [1.5142108252742605, 43.64846982190266], [1.5141612948013414, 43.64846460173215], [1.5141070302467174, 43.64844596322754], [1.5139865763571478, 43.64840469126049], [1.51396971799173, 43.64839963358554], [1.5139522581044371, 43.64839580014591], [1.5139343648425028, 43.64839322785946], [1.5139162105266766, 43.6483919414985], [1.513897969991735, 43.648391953451345], [1.5138798189027638, 43.64839326360286], [1.513861932063462, 43.648395859335665], [1.51384448173273, 43.64839971565163], [1.5138276359657654, 43.64840479541256], [1.5138115569956423, 43.64841104969791], [1.5137963996709483, 43.64841841827589], [1.5137823099645344, 43.64842683018352], [1.5137694235677381, 43.64843620440993], [1.5137578645836054, 43.648446450676715], [1.5137477443317175, 43.648457470307186], [1.5137391602761072, 43.64846915717663], [1.5137321950866078, 43.648481398734575], [1.5137269158426796, 43.648494077088436], [1.513723373387354, 43.648507070138955], [1.5137216018375546, 43.648520252756185], [1.5137216182554867, 43.64853349798437], [1.5137234224842704, 43.648546678264715], [1.5137269971494076, 43.64855966666384], [1.5137323078260605, 43.64857233809618], [1.513739303370533, 43.64858457052869], [1.5137479164127823, 43.64859624615594], [1.5137580640051853, 43.64860725253496], [1.5137696484213499, 43.648617483667834], [1.513782558097257, 43.64862684102269], [1.5137966687056663, 43.64863523448263], [1.513811844353463, 43.648642583213615], [1.5138279388903886, 43.64864881644288], [1.5139481549164913, 43.64869000688857], [1.5140275361029703, 43.64871727233936], [1.5140445727264638, 43.64872238950027], [1.5140622236817332, 43.6487262559269], [1.514080315307617, 43.64872883357888], [1.514157024459224, 43.64873691820735], [1.514332785559495, 43.648756016112905], [1.514477574582703, 43.6487720037098], [1.5144985521100518, 43.64877344281646], [1.5145196191537833, 43.64877314864807], [1.5146555166289741, 43.648765640435755], [1.5148390230034139, 43.648755827082255], [1.5148639126449186, 43.648753258173556], [1.5149931622601185, 43.648733364790125], [1.5149933483952955, 43.648733336068815], [1.515161154465079, 43.648707377659704], [1.5151787867857838, 43.648703985551116], [1.5151958763188655, 43.64869935481036], [1.5152122584818477, 43.64869353003433], [1.5152277755047878, 43.64868656731913], [1.515242277949719, 43.64867853371996], [1.5152556261498422, 43.6486695066052], [1.5152676915546075, 43.64865957291139], [1.5152783579677225, 43.64864882830588], [1.5152875226661913, 43.64863737626553], [1.5152950973895682, 43.64862532708016], [1.5153010091899355, 43.64861279679036], [1.5153052011343986, 43.64859990606997], [1.515307632853347, 43.648586779063855], [1.5153082809291873, 43.64857354219242], [1.515307139121829, 43.648560322933974], [1.5153042184287244, 43.64854724859716], [1.515299546978919, 43.64853444509483], [1.5152931697620973, 43.648522035731496], [1.51528514819528, 43.64851014001579], [1.5152755595312963, 43.6484988725096], [1.5152644961147752, 43.64848834172476], [1.5152520644927918, 43.648478649077994], [1.515238384388749, 43.64846988791437], [1.5152235875493727, 43.6484621426082], [1.515207816475924, 43.64845548775061], [1.5151912230518525, 43.64844998743107], [1.5151739670800917, 43.64844569462031], [1.5151562147441064, 43.64844265066019], [1.515138137007494, 43.648440884865465], [1.5151199079675481, 43.64844041424162], [1.515101703178656, 43.64844124332095], [1.5150836979616629, 43.64844336411905], [1.5149159856848902, 43.64846930800909]]]}, ""properties"": {}, ""type"": ""Feature""}]"
T16,Fossé de Larramet aval,TO,Toulouse,1.4442,43.6047,,43.57895,1.35929,159.0,FeatureCollection,"[{""geometry"": {""type"": ""Polygon"", ""coordinates"": [[[1.36061686532324, 43.57831839850472], [1.3606304935609488, 43.57830960887555], [1.360642871108667, 43.57829989044876], [1.3606538787639386, 43.578289336818564], [1.3606634105173585, 43.57827804962266], [1.3606713745734875, 43.57826613756332], [1.3606776942348735, 43.57825371536056], [1.3606823086406576, 43.57824090264726], [1.3606851733526633, 43.57822782281711], [1.3606862607833194, 43.57821460183616], [1.360685560461298, 43.57820136702974], [1.360683079132312, 43.578188245856225], [1.3606788406940993, 43.578175364679595], [1.360672885966238, 43.57816284755237], [1.3606652722969819, 43.578150815021075], [1.3606560730109263, 43.57813938296517], [1.3606453767028324, 43.578128661481244], [1.360633286384375, 43.57811875382257], [1.3606199184920773, 43.57810975540489], [1.3606054017659555, 43.57810175288736], [1.3605898760096842, 43.578094823338205], [1.3605734907442275, 43.578089033492326], [1.360556403767886, 43.57808443910879], [1.3605387796366488, 43.578081084433656], [1.3605207880794579, 43.578079001774086], [1.3605026023636755, 43.57807821118705], [1.3604843976264613, 43.57807872028633], [1.3604663491881592, 43.57808052416902], [1.3604486308639077, 43.57808360546288], [1.3604314132897588, 43.57808793449358], [1.3604148622793948, 43.578093469570454], [1.3603991372272888, 43.578100157388086], [1.3603843895736885, 43.578107933539485], [1.3594132072278118, 43.578674896847765], [1.359399578716997, 43.57868368632643], [1.3593872008760428, 43.57869340461412], [1.359376192910418, 43.57870395811891], [1.3593666608331811, 43.57871524520519], [1.3593586964440065, 43.57872715717259], [1.3593523764450741, 43.57873957930267], [1.359347761702366, 43.578752391963924], [1.3593448966594501, 43.578765471763546], [1.3593438089094279, 43.57877869273614], [1.3593445089291492, 43.57879192755651], [1.3593469899782684, 43.578805048766114], [1.3593512281641162, 43.57881793000036], [1.3593571826717419, 43.578830447205746], [1.359364796156951, 43.578842479834414], [1.359373995298523, 43.57885391200526], [1.3593846915042966, 43.57886463361979], [1.3593967817643478, 43.57887454142257], [1.3594101496430082, 43.57888353999558], [1.3594246664002057, 43.57889154267721], [1.3594401922313, 43.578898472396766], [1.3594565776134917, 43.57890426241685], [1.3594736647458343, 43.578908856976035], [1.3594912890689643, 43.578912211825916], [1.3595092808499445, 43.57891429465724], [1.3595274668169153, 43.57891508541105], [1.3595456718278502, 43.57891457647189], [1.3595637205573143, 43.57891277274112], [1.3595814391849914, 43.57890969158984], [1.3595986570697094, 43.57890536269142], [1.3596152083928594, 43.57889982773578], [1.3596309337553503, 43.578893140027965], [1.3596456817127391, 43.57888536397461], [1.36061686532324, 43.57831839850472]]]}, ""properties"": {}, ""type"": ""Feature""}]"
T22,Ruisseau de l’Armurié,TO,Toulouse,1.4442,43.6047,,43.59608,1.36657,150.0,FeatureCollection,"[{""geometry"": {""type"": ""Polygon"", ""coordinates"": [[[1.3664918043666305, 43.59599392736345], [1.3664811927754417, 43.59600386178776], [1.3663177704675653, 43.59606907684516], [1.3663037614940712, 43.59607526730527], [1.366290558386895, 43.59608233165569], [1.3661280366362567, 43.59617760756424], [1.3660151451085774, 43.59624331337138], [1.366014841900701, 43.596243490224836], [1.3659254288545575, 43.5962957544282], [1.3658046047831338, 43.596366168734136], [1.3658042579185081, 43.59636637137755], [1.365645672355123, 43.596459246695545], [1.3656320602860585, 43.59646805318322], [1.365619701454268, 43.596477786937875], [1.3656087148821574, 43.596488354218586], [1.365599206376757, 43.59649965325713], [1.365591267510736, 43.59651157523798], [1.3655849747404758, 43.596524005346325], [1.3655803886697355, 43.59653682387374], [1.3655775534659587, 43.59654990737101], [1.365576496434881, 43.59656312983704], [1.3655772277575142, 43.596576363932314], [1.3655797403920493, 43.59658948220523], [1.3655840101416294, 43.59660235831953], [1.3655899958873294, 43.59661486827094], [1.3655976399841114, 43.59662689158155], [1.3656068688159464, 43.59663831245994], [1.365617593504737, 43.596649020916374], [1.3656297107662465, 43.59665891382214], [1.3656431039047665, 43.596667895902684], [1.3656576439369537, 43.59667588065519], [1.3656731908340096, 43.59668279118169], [1.3656895948702577, 43.596688560929614], [1.3657066980650976, 43.59669313433277], [1.365724335704472, 43.59669646734649], [1.3657423379271953, 43.596698527871794], [1.3657605313608518, 43.59669929606454], [1.365778740791501, 43.5966987645266], [1.3657967908511468, 43.59669693837697], [1.365814507706659, 43.59669383520263], [1.3658317207339363, 43.59668948488902], [1.3658482641611511, 43.596683929332364], [1.3658639786652567, 43.59667722203605], [1.3658787129063867, 43.596669427595394], [1.3660371254086252, 43.596576653396525], [1.3661578814418387, 43.59650627856551], [1.3661580921251777, 43.596506155598966], [1.3662474590913596, 43.59645391819933], [1.3663604538512808, 43.59638815214346], [1.3663609627631077, 43.59638785487349], [1.366510940201182, 43.596299932676025], [1.3666936693478051, 43.596227012894026], [1.3667097995181288, 43.59621977364727], [1.3667248300925179, 43.596211376909565], [1.366738604425181, 43.59620191019039], [1.3667509789628873, 43.596191472150416], [1.3667853447957148, 43.596159299193076], [1.3667856732624533, 43.59615899076651], [1.3668637925234899, 43.59608541816078], [1.366874204792891, 43.596074548118146], [1.366883100931082, 43.59606298868025], [1.3668903952640372, 43.59605085117123], [1.3668960175441798, 43.596038252482245], [1.3668999136268747, 43.59602531394584], [1.3669020459918375, 43.596012160167405], [1.3669023941044256, 43.595998917825085], [1.3669009546133593, 43.59598571444993], [1.366897741382939, 43.59597267719756], [1.3668927853594874, 43.59595993162371], [1.3668861342732705, 43.59594760047496], [1.3668778521787874, 43.595935802506695], [1.3668680188378601, 43.59592465133944], [1.366856728951452, 43.59591425436461], [1.3668440912476272, 43.59590471171025], [1.3668302274344277, 43.59589611527695], [1.366815271027763, 43.595888547852546], [1.3667993660655728, 43.59588208231506], [1.366782665720695, 43.59587678093075], [1.366765330825743, 43.595872694754505], [1.366747528324231, 43.59586986313815], [1.3667294296628607, 43.59586831335151], [1.366711209140438, 43.5958680603198], [1.3666930422293193, 43.595869106479796], [1.3666751038855751, 43.5958714417565], [1.366657566864103, 43.595875043660065], [1.366640600054958, 43.59587987750243], [1.366624366856883, 43.5958858967314], [1.3666090236037243, 43.595893043378865], [1.3665947180588838, 43.59590124861912], [1.366581587992291, 43.5959104334317], [1.3665697598536166, 43.59592050936226], [1.3664918043666305, 43.59599392736345]]]}, ""properties"": {}, ""type"": ""Feature""}]"
